Index,Job Title,Location,Salary,Company,Job Rating,Post Time,Apply URL
0,Director of Technology,"Ocala, FL",Not shown,R+L Global Logistics,2.8,today,https://www.indeed.com/viewjob?jk=b24eb9d1a3308a5b
1,"PMO Senior Analyst, ISG Technology","Tampa, FL",Not shown,Citi,3.9,today,https://www.indeed.com/viewjob?jk=df91edf3091bad03
2,Software Engineer,"Orlando, FL",Not shown,LOCKHEED MARTIN CORPORATION,4.0,today,https://www.indeed.com/viewjob?jk=7d811c0a20b0f8c8
3,Application developer,"Tampa, FL",Not shown,IT Experts USA,,today,https://www.indeed.com/viewjob?jk=f6886167c6b289d1
4,Documents Technology Sr. Project Manager,"Tampa, FL",Not shown,Citi,3.9,today,https://www.indeed.com/viewjob?jk=cadc478dd4c6095f
5,Data Analyst,"Orlando, FL",Not shown,LOCKHEED MARTIN CORPORATION,4.0,today,https://www.indeed.com/viewjob?jk=8869ccf911ead00a
6,IT Security Analyst,"Kennedy Space Center, FL",Not shown,Jacobs,3.9,today,https://www.indeed.com/viewjob?jk=ee11eca42be1cfc0
7,Documents Technology Project Manager,"Tampa, FL",Not shown,Citi,3.9,today,https://www.indeed.com/viewjob?jk=63c94ccf177b8a4f
8,Junior Level PHP Developer,"Tampa, FL",Not shown,American Partner Solutions,,today,https://www.indeed.com/viewjob?jk=83b636c528fcc91d
9,"Software Engineer Asc / C++ / C# / Orlando, Fl","Orlando, FL",Not shown,LOCKHEED MARTIN CORPORATION,4.0,today,https://www.indeed.com/viewjob?jk=b87862b79a4ac3df
10,User Interface/User Experience Lead,"Orlando, FL",Not shown,LOCKHEED MARTIN CORPORATION,4.0,today,https://www.indeed.com/viewjob?jk=a3f2f777598520da
11,Business Analyst ERP and Billing,"Orlando, FL",Not shown,Change Healthcare,3.0,today,https://www.indeed.com/viewjob?jk=6e15e2287c703609
12,Client Project Implementation Consultant,"Maitland, FL",Not shown,Motility,,today,https://www.indeed.com/viewjob?jk=fabbb2204bb8b03d
13,"Business Analyst, AVP -ISG Services Technology","Tampa, FL",Not shown,Citi,3.9,today,https://www.indeed.com/viewjob?jk=6c7e934c8882480f
14,Computer Network Defense Analyst - Jr,"Tampa, FL",Not shown,Jacobs,3.9,today,https://www.indeed.com/viewjob?jk=e4b22ee300ede2b5
15,Software Engineer Asc / C++ / Orlando,"Orlando, FL",Not shown,LOCKHEED MARTIN CORPORATION,4.0,today,https://www.indeed.com/viewjob?jk=94a1adcdc7f552f2
16,"Manager, HRIS - Global M&A and Business Development","Tampa, FL",Not shown,Pfizer,4.2,today,https://www.indeed.com/viewjob?jk=08bcb5ad0daa254d
17,Technical Business Intermediate Analyst,"Tampa, FL",Not shown,Citi,3.9,today,https://www.indeed.com/viewjob?jk=a13bbd84fe1679ac
18,Enterprise Product Manager,"Orlando, FL",Not shown,Andor Health,,today,https://www.indeed.com/viewjob?jk=988a72eb2bf81856
19,"Lead Project Manger, VP - Information Services Group (ISG) Technology","Tampa, FL",Not shown,Citi,3.9,today,https://www.indeed.com/viewjob?jk=a0ecb5c500f42a5f
20,Software_System Architect (REMOTE),"Orlando, FL","$130,000 - $135,000 a year",Sierra7,3.5,today,https://www.indeed.com/viewjob?jk=9e22276a904781c4
21,F-35 Information System Security Officer,"Orlando, FL",Not shown,LOCKHEED MARTIN CORPORATION,4.0,today,https://www.indeed.com/viewjob?jk=e7b064fc185eb6fc
22,Information Architect – ERP & Design,"Orlando, FL",Not shown,LOCKHEED MARTIN CORPORATION,4.0,today,https://www.indeed.com/viewjob?jk=10a66d919541b91d
23,Test Engineer,"Oldsmar, FL",Not shown,LOCKHEED MARTIN CORPORATION,4.0,today,https://www.indeed.com/viewjob?jk=84e4ec7e8aad4472
24,ICG Technology Operational Risk & Control Sr Analyst - Asst Vice President,"Tampa, FL",Not shown,Citi,3.9,today,https://www.indeed.com/viewjob?jk=0e8016da560a49dd
25,System Integration Manager,"Cape Canaveral, FL",Not shown,LOCKHEED MARTIN CORPORATION,4.0,today,https://www.indeed.com/viewjob?jk=10c2ce3e437b098e
26,Sr. Information Assurance Analyst,"Cocoa Beach, FL",Not shown,By Light Professional IT Services LLC,4.0,today,https://www.indeed.com/viewjob?jk=25961497b84dcf5a
27,VP - Wholesale Risk Data Governance,"Tampa, FL",Not shown,Citi,3.9,today,https://www.indeed.com/viewjob?jk=deb59eca63233fdf
28,Information Architect – Finance & Supply Chain,"Orlando, FL",Not shown,LOCKHEED MARTIN CORPORATION,4.0,today,https://www.indeed.com/viewjob?jk=252e4bfa3107051f
29,"Software Engineer Senior/ Web development / C# / Orlando, FL,","Orlando, FL",Not shown,LOCKHEED MARTIN CORPORATION,4.0,today,https://www.indeed.com/viewjob?jk=6a0fb99719ec406c
30,SAP Consultant,"Lakeland, FL",Not shown,"Amazon Web Services, Inc.",3.6,today,https://www.indeed.com/viewjob?jk=f2c0f8fe3c75aa09
31,Information Systems Security Manager (ISSM),"Orlando, FL",Not shown,LOCKHEED MARTIN CORPORATION,4.0,today,https://www.indeed.com/viewjob?jk=e53723776645daa4
32,IT Solutions Architect,"Orlando, FL",Not shown,Wyndham Destinations,3.6,today,https://www.indeed.com/viewjob?jk=ab0021889906250c
33,Systems Security Administrator,"Tampa, FL",Not shown,Jacobs,3.9,today,https://www.indeed.com/viewjob?jk=b7fc9f4b942db21b
34,ICG Tech Risk and Control Intmd Analyst - C11 grade level,"Tampa, FL",Not shown,Citi,3.9,today,https://www.indeed.com/viewjob?jk=02fd7e24aac7ca8a
35,Technical IT Business Sr. Analyst,"Tampa, FL",Not shown,Citi,3.9,today,https://www.indeed.com/viewjob?jk=184d1c0e2738b87c
36,Senior Manager-Solutions Architect-DNA,"Tampa, FL",Not shown,Deloitte,4.0,today,https://www.indeed.com/viewjob?jk=b1a636afebb98b7e
37,Intermediate Java (Full-stack) Application Developer,"Tampa, FL",Not shown,Citi,3.9,today,https://www.indeed.com/viewjob?jk=aa0db810d47d6b33
38,Data Quality Senior Analyst,"Tampa, FL",Not shown,Citi,3.9,today,https://www.indeed.com/viewjob?jk=d9a1f672fdf11eff
39,Senior Software Engineer,"Tampa, FL","$80,000 - $120,000 a year",Midpoint Search,,today,https://www.indeed.com/viewjob?jk=bb215f2ad4a1627f
40,System Manager Value Analysis - Supply Chain Admin,"Rockledge, FL",Not shown,Health First,3.7,today,https://www.indeed.com/viewjob?jk=9ca105f63fcab03f
41,Senior Level PHP Developer,"Tampa, FL",Not shown,American Partner Solutions,,today,https://www.indeed.com/viewjob?jk=73e55ccd410c8bad
42,Software Engineer Senior / C++ / Orlando,"Orlando, FL",Not shown,LOCKHEED MARTIN CORPORATION,4.0,today,https://www.indeed.com/viewjob?jk=8d57912d70d2724a
43,Senior Audit Manager - Data Quality,"Tampa, FL",Not shown,Citi,3.9,today,https://www.indeed.com/viewjob?jk=fff8708d7b3aafe1
44,Web Developer,United States,$40 - $60 an hour,Apeak Corporation,,today,https://www.indeed.com/viewjob?jk=ca84606c2843e0a9
45,Senior Audit Manager - Data Quality,"Tampa, FL",Not shown,Citi,3.9,today,https://www.indeed.com/viewjob?jk=fff8708d7b3aafe1
46,Mobile Application Architect - iOS/Android,"DeLand, FL","$100,000 - $150,000 a year",CyberCoders,3.3,today,https://www.indeed.com/viewjob?jk=cc3deddc077350c4
47,Mid Software Engineer,"Lake Mary, FL",Not shown,Team Cymru Inc,,today,https://www.indeed.com/viewjob?jk=429a6b4c8e8fe76f
48,"Associate Customer Tech Support Analyst, LAN/WAN, IT","Lakeland, FL","$36,816 - $50,752 a year",Publix,4.1,today,https://www.indeed.com/viewjob?jk=89e49327b105e018
49,IT Help Desk Support Analyst,"Maitland, FL",Not shown,Information Integration Incorporated,,today,https://www.indeed.com/viewjob?jk=3dd897424caac821
50,National Consulting - Orlando - Consultant Development Program - Technology Consulting - Platforms Staff - Winter 2022,"Orlando, FL",Not shown,Ernst & Young,4.0,today,https://www.indeed.com/viewjob?jk=bb05d31d28f6c540
51,Technology Consultant- Tampa,"Tampa, FL",Not shown,Peoples Gas System,,today,https://www.indeed.com/viewjob?jk=e9316a452e3de3c7
52,Technology Logistics Administrator,"Tampa, FL",Not shown,OPSWAT,2.2,today,https://www.indeed.com/viewjob?jk=3796796e189cbf56
53,Field Service Engineer (CCNA certification preferred),"Orlando, FL",Not shown,Universal Orlando,4.1,today,https://www.indeed.com/viewjob?jk=b63c076117e3568c
54,Technology Lead,"Tampa, FL",Not shown,General Dynamics Information Technology,3.8,today,https://www.indeed.com/viewjob?jk=f07839cb256a875a
55,Business Systems Analyst - SharePoint,"Orlando, FL",Not shown,White Cap,3.8,today,https://www.indeed.com/viewjob?jk=5f96a142753cc5de
56,Operations Strategic Data Analyst,"Lake Mary, FL",Not shown,Healthfirst,3.4,today,https://www.indeed.com/viewjob?jk=02406bd54cc5c1ef
57,IT Analyst - Hardware/Software Asset Management,"Orlando, FL",Not shown,Darden,3.9,today,https://www.indeed.com/viewjob?jk=7572e67e2ebf5fcf
58,Technical Project Manager,"Orlando, FL",Not shown,Evercommerce,,today,https://www.indeed.com/viewjob?jk=0dc63f09a8d0f515
59,Web Developer,United States,$40 - $60 an hour,Apeak Corporation,,today,https://www.indeed.com/viewjob?jk=ca84606c2843e0a9
60,QA Automation Tester (UFT),"Lake Mary, FL",Not shown,Deloitte,4.0,today,https://www.indeed.com/viewjob?jk=67e16b956e7960ed
61,Information Systems Security Manager (ISSM),"Orlando, FL",Not shown,Sikorsky Aircraft Corporation,4.0,today,https://www.indeed.com/viewjob?jk=57a9b2ad1bdf636a
62,Web Developer,United States,$40 - $60 an hour,Apeak Corporation,,today,https://www.indeed.com/viewjob?jk=ca84606c2843e0a9
63,Senior Systems Programmer,"Orlando, FL",Not shown,FedEx Services,3.9,today,https://www.indeed.com/viewjob?jk=67c6a6c796adfbfc
64,SUPERVISORY IT SPECIALIST (PLCYPLN),"Patrick Afb, FL","$109,618 - $142,500 a year",US Department of the Air Force,4.4,today,https://www.indeed.com/viewjob?jk=d4e99d178dc59dca
65,National Consulting - Orlando - Consultant Development Program - Technology Consulting - Data & Analytics Staff - S/F 2021,"Orlando, FL",Not shown,Ernst & Young,4.0,today,https://www.indeed.com/viewjob?jk=35b6b10f5491bf13
66,MuleSoft Application Development Manager,"Tampa, FL",Not shown,Fisher Investments,3.5,today,https://www.indeed.com/viewjob?jk=0b9b750ed5156f64
67,National Consulting - Orlando - Consultant Development Program - Technology Consulting - Engineering Staff - S/F 2021,"Orlando, FL",Not shown,Ernst & Young,4.0,today,https://www.indeed.com/viewjob?jk=4dec215acbec59d8
68,Oracle Cloud Inventory Consultant,"Lake Mary, FL",Not shown,Deloitte,4.0,today,https://www.indeed.com/viewjob?jk=4af4234a34b6a0cf
69,"Manager, Information Systems - Automation, Integration and Collaboration Systems","Tampa, FL",Not shown,Masonite,3.4,today,https://www.indeed.com/viewjob?jk=73e9ce15c3ecdee3
70,"Senior Executive Director, Philanthropy","Daytona Beach, FL",Not shown,Embry-Riddle,4.2,today,https://www.indeed.com/viewjob?jk=09b2bc9a65e53d59
71,Project Manager,"Tampa, FL",Not shown,MediaLab 3D Solutions,3.3,today,https://www.indeed.com/viewjob?jk=1ad79d0ec6859537
72,Network/Voice Administrator,"Tampa, FL",Not shown,Leidos,3.7,today,https://www.indeed.com/viewjob?jk=b88ab60b7a981dd7
73,CRM Developer Systems (Salesforce),"Orlando, FL",Not shown,Hilton Grand Vacations,3.7,today,https://www.indeed.com/viewjob?jk=37b3110605965768
74,Systems Engineering Agile Coach – Senior Consultant,"Tampa, FL",Not shown,Deloitte,4.0,today,https://www.indeed.com/viewjob?jk=304530008012de98
75,Business Information Security Manager – Audit & Assurance,"Tampa, FL",Not shown,Deloitte,4.0,today,https://www.indeed.com/viewjob?jk=5eabf5dc2e5957b2
76,Senior Software Engineering Manager,"Tampa, FL",Not shown,OPSWAT,2.2,today,https://www.indeed.com/viewjob?jk=4eafab95828ad48d
77,Cloud Solution Architect,"Lake Mary, FL",Not shown,Deloitte,4.0,today,https://www.indeed.com/viewjob?jk=0b4c404c4d5658ff
78,Cloud Network Security Engineer - Utility,"Ybor City, FL",Not shown,Tampa Electric Company,3.8,today,https://www.indeed.com/viewjob?jk=04d01bd86f78cb9f
79,CIB - Tampa - 2021 ReEntry Program - Strategy & Innovation - Project Manager Data Analytics & Diagnostics,"Tampa, FL",Not shown,"JPMorgan Chase Bank, N.A.",3.9,today,https://www.indeed.com/viewjob?jk=49901a9f60d5f9f4
80,Cloud Infrastructure Engineer,"Lake Mary, FL",Not shown,Deloitte,4.0,today,https://www.indeed.com/viewjob?jk=e9a235abce0abe09
81,Google Cloud Architect / Engineer,"Lake Mary, FL",Not shown,Deloitte,4.0,today,https://www.indeed.com/viewjob?jk=2860757a6ebb4618
82,Business Systems Analyst - Workday,"Orlando, FL",Not shown,White Cap,3.8,today,https://www.indeed.com/viewjob?jk=45c1e0c29107b659
83,Systems Engineering Program Manager - Senior Consultant,"Tampa, FL",Not shown,Deloitte,4.0,today,https://www.indeed.com/viewjob?jk=a51b45d09fdf9cfe
84,Mobile developer - ios/Android - remote to Florida,"Orlando, FL","$90,000 - $120,000 a year",The Bivium Group,,today,https://www.indeed.com/viewjob?jk=ba76eeb49da3bab9
85,Software Engineer (C++),"Orlando, FL",Not shown,CyberCoders,3.3,today,https://www.indeed.com/viewjob?jk=fbe8ae233af7e193
86,Salesforce Developer - Solution Analyst,"Lake Mary, FL",Not shown,Deloitte,4.0,today,https://www.indeed.com/viewjob?jk=43db791bac8d0538
87,Senior Voice Engineer,"Tampa, FL","Up to $140,200 a year","Federal Staffing Solutions, Inc.",,today,https://www.indeed.com/viewjob?jk=c6685dc2cfc27930
88,Business Analyst,"Tampa, FL",$38 an hour,Vaco,3.7,today,https://www.indeed.com/viewjob?jk=f07c0f079a9dcb44
89,Configuration Data Management Associate,"Saint Petersburg, FL","$60,000 - $75,000 a year",CyberCoders,3.3,today,https://www.indeed.com/viewjob?jk=59e416ecfd3c11b0
90,"Jr Business Analyst ; Tampa, FL","Tampa, FL",Not shown,Criterion Executive Search,3.4,today,https://www.indeed.com/viewjob?jk=a1710ac5d49954fa
91,Oracle Cloud Order Management Consultant,"Lake Mary, FL",Not shown,Deloitte,4.0,today,https://www.indeed.com/viewjob?jk=a18c8f0b08574005
92,Systems Engineer- Site Reliability,"Tampa, FL",Not shown,Asure Software,2.6,today,https://www.indeed.com/viewjob?jk=b12cccbca73ddb2d
93,Oracle Cloud PLM Senior Consultant,"Tampa, FL",Not shown,Deloitte,4.0,today,https://www.indeed.com/viewjob?jk=216c97ae06cdb10c
94,Cyber Risk Digital Identity Senior Solution Delivery Lead,"Tampa, FL",Not shown,Deloitte,4.0,today,https://www.indeed.com/viewjob?jk=e561d64d67bc9530
95,Business Analyst - 302406,"Tampa, FL",Not shown,Procom,3.6,today,https://www.indeed.com/viewjob?jk=817f730528266ab1
96,Senior Java Developer - eCommerce & Azure,"Tampa, FL","$120,000 - $140,000 a year",CyberCoders,3.3,today,https://www.indeed.com/viewjob?jk=d7069b7cff546fa5
97,IT Operations Manager,"Orlando, FL",Not shown,Sugar Bowl Ski Resort,3.7,today,https://www.indeed.com/viewjob?jk=62655f6779fb3929
98,Sr. Project Manager,"Tampa, FL",$73 - $78 an hour,ThreeBridge Solutions,4.2,today,https://www.indeed.com/viewjob?jk=5dcb60004e7d158f
99,Technical Support Specialist (Help Desk),"Orlando, FL",Not shown,Fattmerchant,4.2,today,https://www.indeed.com/viewjob?jk=0d9672f16dee984c
100,Business Analysis,"Tampa, FL",Not shown,"JPMorgan Chase Bank, N.A.",3.9,today,https://www.indeed.com/viewjob?jk=f1ad487500878fdd
101,Salesforce Junior Administrator,"Tampa, FL",Not shown,A-LIGN,2.1,today,https://www.indeed.com/viewjob?jk=d6fbe017ae093690
102,Data Visualization Developer,"Lake Mary, FL",Not shown,Deloitte,4.0,today,https://www.indeed.com/viewjob?jk=d038572d5021ba52
103,RPA Developer,"Orlando, FL","$80,000 - $85,000 a year",RISE IT SOLUTIONS,,today,https://www.indeed.com/viewjob?jk=abe34f6b603cbc55
104,"Business Systems Analyst E, FIS University Program","Orlando, FL",Not shown,FIS Global,3.5,today,https://www.indeed.com/viewjob?jk=6b6fd67ff2024641
105,IT Business Analyst,"Mulberry, FL",Not shown,W.S. Badcock Corporation,3.2,today,https://www.indeed.com/viewjob?jk=92ea785e07365ae5
106,Quality Assurance (QA) Analyst,Florida,$26 - $65 an hour,"CSR Privacy Solutions, Inc",,today,https://www.indeed.com/viewjob?jk=55966f005efca939
107,Help Desk Support I,"Holly Hill, FL",Not shown,"Florida Health Care Plans, Inc.",3.7,today,https://www.indeed.com/viewjob?jk=36039f78e9db325b
108,Digital Library Application Programmer,"Gainesville, FL",Not shown,Greater New York Metropolitan Area Chapter,,today,https://www.indeed.com/viewjob?jk=bd5031c4d13e2f8c
109,.NET Developer,"Orlando, FL",Not shown,CAPCO,3.5,today,https://www.indeed.com/viewjob?jk=04f81f97b376ccae
110,Technical Support Engineer,"Gainesville, FL",Not shown,Mobiquity,3.6,today,https://www.indeed.com/viewjob?jk=baedf8fd10cc6fad
111,Business Analyst,"Tampa, FL",Not shown,"JPMorgan Chase Bank, N.A.",3.9,today,https://www.indeed.com/viewjob?jk=889c8156a96a46fd
112,Implementation Specialist Advisor - COBOL,"Maitland, FL",Not shown,ADP,3.8,today,https://www.indeed.com/viewjob?jk=7ee20db2c972966d
113,QA Test Automation Engineer,"Orlando, FL","$80,000 - $90,000 a year",RISE IT SOLUTIONS,,today,https://www.indeed.com/viewjob?jk=8da0a9c841032fc4
114,Information Architect - Electric & Natural Gas Utility,"Tampa, FL",Not shown,Tampa Electric Company,3.8,today,https://www.indeed.com/viewjob?jk=b17072d25097721c
115,SAP Experienced Business Technology Analyst,"Tampa, FL",Not shown,Deloitte,4.0,today,https://www.indeed.com/viewjob?jk=8bde99cf3f0264b3
116,QUALITY TECHNICAL SUPPORT LEADER 4,"Cape Canaveral, FL",Not shown,United Launch Alliance,3.6,today,https://www.indeed.com/viewjob?jk=6e6dd8c4539563bb
117,Compliance and Operational Risk Testing Analyst Senior – Policy Testing,"Tampa, FL",Not shown,USAA,3.9,today,https://www.indeed.com/viewjob?jk=95506d50f7ad62e5
118,Business Data Analyst - SQL/Data Excel,"Tampa, FL",$52 - $55 an hour,Talent tigers,,today,https://www.indeed.com/viewjob?jk=d0eedcd7ce76fa60
119,Java Developer Architect,"Melbourne, FL",$35 - $47 an hour,Infolob,,today,https://www.indeed.com/viewjob?jk=a7757bed6b8a1ef7
120,Senior Systems Analyst- Cerner,"Clearwater, FL",Not shown,BayCare,3.9,today,https://www.indeed.com/viewjob?jk=fda30d0cd5db45e1
121,SYSTEMS ENGINEER II,"Tampa, FL",Not shown,Advanced Home Health,3.0,today,https://www.indeed.com/viewjob?jk=e739bc5ede9be0c9
122,Software Engineering,"Melbourne, FL",$58.03 an hour,Aleron,4.2,today,https://www.indeed.com/viewjob?jk=ea6e3d6a9622b080
123,Net Developer,"Tampa, FL",Not shown,Genese Solutions,,today,https://www.indeed.com/viewjob?jk=661df38918d2c476
124,Vulnerability Manager (Financial Services Software),"Lake Mary, FL",Not shown,Finastra,3.4,today,https://www.indeed.com/viewjob?jk=359048c58ad650b0
125,"Specialist, Product Management","Bradenton, FL",Not shown,Carrier,4.0,today,https://www.indeed.com/viewjob?jk=5596943e67c61961
126,Software Engineering - Mainframe,"Tampa, FL",Not shown,"JPMorgan Chase Bank, N.A.",3.9,today,https://www.indeed.com/viewjob?jk=13f49ba68fab9be9
127,Senior Software/System Engineer,"Orlando, FL",Not shown,Alaka`ina Foundation Family of Companies,3.4,today,https://www.indeed.com/viewjob?jk=e6250ee70c78fe06
128,SAP BRIM / Hybris Billing - Senior Consultant (Customer),"Tampa, FL",Not shown,Deloitte,4.0,today,https://www.indeed.com/viewjob?jk=6b83791f7ea577a1
129,Systems Security Administrator,"Tampa, FL",Not shown,Sentar,4.3,today,https://www.indeed.com/viewjob?jk=9331c5d664c40bbf
130,Technical Support/Customer Success,"Saint Petersburg, FL",Not shown,Warren Averett Staffing & Recruiting,4.8,today,https://www.indeed.com/viewjob?jk=7fe37806f2040aff
131,Senior Java Developer,"Tampa, FL",Not shown,Luxoft,4.4,today,https://www.indeed.com/viewjob?jk=c44fb21cfd6cbbb8
132,Data Architect - Electric & Natural Gas Utility,"Tampa, FL",Not shown,Tampa Electric Company,3.8,today,https://www.indeed.com/viewjob?jk=30dd21bfbed9be67
133,IT Asset Management Specialist,"Tampa, FL",$19 - $20 an hour,Trick Dog Technology,,today,https://www.indeed.com/viewjob?jk=20f2e9733c6b6769
134,SENIOR SYSTEM ENGINEER,"West Melbourne, FL",Not shown,National Service Source,,today,https://www.indeed.com/viewjob?jk=3d137c93fb9c30a4
135,Senior Performance Support Engineer,"Orlando, FL",Not shown,ServiceNow,3.6,today,https://www.indeed.com/viewjob?jk=fb2c3ab26b0c1110
136,"Wholesale Payments - Data Analyst, VP","Tampa, FL",Not shown,"JPMorgan Chase Bank, N.A.",3.9,today,https://www.indeed.com/viewjob?jk=2c07a9d7276a2aa8
137,Cloud Solutions Architect - Utility,"Ybor City, FL",Not shown,Tampa Electric Company,3.8,today,https://www.indeed.com/viewjob?jk=bfa0e8c9ab4ea85f
138,Java Fullstack Developer,"Tampa, FL",Not shown,Virtusa,3.7,today,https://www.indeed.com/viewjob?jk=b9dc572b9b35f1e2
139,Azure Cloud Engineer,"Lakeland, FL","$110,000 - $130,000 a year",iCST,3.0,today,https://www.indeed.com/viewjob?jk=ad951c544fa43eb3
140,"Vice President, Marketing Technology ( Salesforce Marketing Cloud ) ( Remote )","Clearwater, FL",Not shown,VALiNTRY,4.8,today,https://www.indeed.com/viewjob?jk=1da746959ea714be
141,Strategic Data Analyst,"Orlando, FL","$80,000 - $90,000 a year",Primary Recruiting Services,,today,https://www.indeed.com/viewjob?jk=503396ae7908a280
142,Full Stack .Net Developer,"Tampa, FL",Not shown,Document Storage Systems Inc,3.4,today,https://www.indeed.com/viewjob?jk=8c3359eb0ec607ed
143,Security Engineer,"Orlando, FL",Not shown,LSQ,,today,https://www.indeed.com/viewjob?jk=302e27e9fc6e0a8d
144,SAP BRIM / Hybris Billing – Senior Manager (Customer),"Tampa, FL",Not shown,Deloitte,4.0,today,https://www.indeed.com/viewjob?jk=e8529549715828da
145,"Cloud Data Engineer (AWS, Azure, GCP)","Lake Mary, FL",Not shown,Deloitte,4.0,today,https://www.indeed.com/viewjob?jk=38596d26ebae7dee
146,Junior Data Analyst,"Tampa, FL",$24 - $30 an hour,Entegee,3.9,today,https://www.indeed.com/viewjob?jk=8bb31b7bc66f2b99
147,Spanish Speaking Enterprise Mobility + Security Deployment Engineer,"Tampa, FL",Not shown,Blueprint Technologies,3.2,today,https://www.indeed.com/viewjob?jk=059ca910928cb88f
148,C# .NET App Developer (W2 Position: Only US Citizens or Green Cards),"Melbourne, FL",Not shown,Radiant Systems,3.8,today,https://www.indeed.com/viewjob?jk=8ea681ba189e6bc1
149,RPA Developer,"Tampa, FL",$50 - $55 an hour,DISYS,3.5,today,https://www.indeed.com/viewjob?jk=f02bde6675b5325b
150,Android and ios Mobile Developer,Florida,"$90,000 - $120,000 a year",The Bivium Group,,today,https://www.indeed.com/viewjob?jk=d81f3fb5a26aa2b0
151,Applications Development Technical Lead Analyst,"Tampa, FL",Not shown,Citi,3.9,today,https://www.indeed.com/viewjob?jk=a096efa7612f15b5
152,SAP EWM - Consultant (Supply Chain),"Tampa, FL",Not shown,Deloitte,4.0,today,https://www.indeed.com/viewjob?jk=14605f2a0768ccf7
153,PHP Developer,"Tampa, FL","$70,000 - $90,000 a year",CSI Tech Inc,3.7,today,https://www.indeed.com/viewjob?jk=297b74f72ebabd64
154,SAP FICO - Consultant (Finance),"Tampa, FL",Not shown,Deloitte,4.0,today,https://www.indeed.com/viewjob?jk=3977c02256dd56a6
155,Software Engineering - Java Full stack Developer,"Tampa, FL",Not shown,"JPMorgan Chase Bank, N.A.",3.9,today,https://www.indeed.com/viewjob?jk=a804f6a3b970992f
156,Java Fullstack Lead,"Tampa, FL",Not shown,Virtusa,3.7,today,https://www.indeed.com/viewjob?jk=4f14ac48e62cb7cf
157,Senior Software Engineer,Florida,"$111,958 - $118,541 a year",Marlin Strafe Consulting LLC,5.0,today,https://www.indeed.com/viewjob?jk=75dce5fde065f51e
158,CRM Systems Administrator,"Orlando, FL",$24.51 an hour,Wycliffe Bible Translators,4.0,today,https://www.indeed.com/viewjob?jk=9663a8c7df4c214d
159,Systems Engineer,"Orlando, FL",Not shown,C4 Advanced Tactical Systems,3.7,today,https://www.indeed.com/viewjob?jk=b470cc4343e9b700
160,"VP, Operations and Service Delivery","Lake Buena Vista, FL",Not shown,The Walt Disney Company (Corporate),4.1,today,https://www.indeed.com/viewjob?jk=6f971eb68e2fc439
161,AVP of Information Technology,"Casselberry, FL",Not shown,Avant Healthcare Professionals,3.0,today,https://www.indeed.com/viewjob?jk=4630640e765b95d3
162,Network Control,"Melbourne, FL",$28.85 - $33.66 an hour,Aleron,4.2,today,https://www.indeed.com/viewjob?jk=150821b7159100c0
163,Network Administrator - VoIP,"Patrick Afb, FL","$85,000 a year",Aleron,4.2,today,https://www.indeed.com/viewjob?jk=5b352605ef058295
164,Knowledge Management Coordinator,"Daytona Beach, FL",Not shown,Pearson,3.8,today,https://www.indeed.com/viewjob?jk=9de9981bd4affab0
165,DISTRIBUTED COMPUTER SYSTEMS ANALYST - 64084028,"Saint Petersburg, FL","$40,114 a year",The State of Florida,3.6,today,https://www.indeed.com/viewjob?jk=0c716298e1f2e53e
166,Data Warehousing/ETL Consultant,"Lake Mary, FL",Not shown,Deloitte,4.0,today,https://www.indeed.com/viewjob?jk=94e220feda3ab458
167,Desktop Support Analyst,"Lakeland, FL",$21 - $25 an hour,iCST,3.0,today,https://www.indeed.com/viewjob?jk=5cd8a71302d5cbf9
168,"Project Manager MS Dynamics BUSINESS CENTRAL 365 - Midsize Co, Orlando","Orlando, FL",$75 - $110 an hour,Eagle Brand EXECUTIVE SEARCH,,today,https://www.indeed.com/viewjob?jk=152f29c6f1c13576
169,Help Desk Specialist- Secret DoD Clearance ONLY,"Lake Mary, FL","$50,000 - $60,000 a year",By Light Professional IT Services LLC,4.0,today,https://www.indeed.com/viewjob?jk=2feacfebc38f2817
170,Senior Project Manager,"Orlando, FL",Not shown,The Cervantes Group,4.1,today,https://www.indeed.com/viewjob?jk=8ee452f859a4edca
171,Performance Tester with AppDynamics,"Tampa, FL",Not shown,Horizon Corp,,today,https://www.indeed.com/viewjob?jk=ea1a32f6a3ac62bc
172,Sr Unity Design Engineer - Products & Technology - Privacy & Ethics,"Tampa, FL",Not shown,PRICE WATERHOUSE COOPERS,4.0,today,https://www.indeed.com/viewjob?jk=7e2161969b01843c
173,System Admin,"Saint Petersburg, FL",Not shown,TCS,3.8,today,https://www.indeed.com/viewjob?jk=d6f979b98de31fa3
174,IP Network Operations Specialist (Only US Citizens or Green Cards),"Melbourne, FL",Not shown,Radiant Systems,3.8,today,https://www.indeed.com/viewjob?jk=d504ddea88e1b6bd
175,Laravel Developer,"Orlando, FL",Not shown,"Purple, Rock, Scissors",3.5,today,https://www.indeed.com/viewjob?jk=5f5a1b0c51e696ab
176,Project Manager - Utility Operations,"Orlando, FL",$70 - $75 an hour,Vayyusoft LLC,,today,https://www.indeed.com/viewjob?jk=e74cd5c325ae36dc
177,Systems Architect 1,"Kennedy Space Center, FL",Not shown,"New Directions Technologies, Inc.",,today,https://www.indeed.com/viewjob?jk=9cac48afbaf8bb09
178,Experience Designer,"Orlando, FL",Not shown,"Purple, Rock, Scissors",3.5,today,https://www.indeed.com/viewjob?jk=83a895c790fa79cc
179,WordPress Developer,"Orlando, FL",Not shown,"Purple, Rock, Scissors",3.5,today,https://www.indeed.com/viewjob?jk=ea066d373bcd36af
180,Oracle Techno Functional Consultant with ADF Experience,"Tampa, FL",Not shown,Horizon Corp,,today,https://www.indeed.com/viewjob?jk=fa116955e96dab31
181,PHP Developer,"Orlando, FL",Not shown,"Purple, Rock, Scissors",3.5,today,https://www.indeed.com/viewjob?jk=5aa7cb850430d4f9
182,Salesforce Business Analyst,"Clearwater, FL",Not shown,Tech Data Corporation,3.6,today,https://www.indeed.com/viewjob?jk=1e95584a1a1e6bd3
183,Head of Content (Content Director),"Tampa, FL","$36,000 - $65,000 a year",Insight Sales,,today,https://www.indeed.com/viewjob?jk=457de808712ac8ea
184,Apps Support Senior Analyst,"Tampa, FL",Not shown,TCS,3.8,today,https://www.indeed.com/viewjob?jk=fd4bbfe3ae193f12
185,Mobile Developer,"Saint Petersburg, FL","$80,000 - $120,000 a year",SageBeans,,today,https://www.indeed.com/viewjob?jk=41d78aadc6623a65
186,Senior React Native Developer,"Tampa, FL","$90,000 - $140,000 a year",Staffing Lab LLC,,today,https://www.indeed.com/viewjob?jk=ab347d946328591a
187,Part-Time Bilingual Technical Support Analyst I,"Oldsmar, FL",$15 - $16 an hour,Transcendent,4.1,today,https://www.indeed.com/viewjob?jk=d4f3d62fd5171df2
188,"Manager, Learning & Development Solutions Architect","Tampa, FL",Not shown,Deloitte,4.0,today,https://www.indeed.com/viewjob?jk=7b39798a8b286393
189,Cloud Network Security Architect - Utility,"Ybor City, FL",Not shown,Tampa Electric Company,3.8,today,https://www.indeed.com/viewjob?jk=1681443d950c6136
190,IT Help Desk Support Technician,"Fort Pierce, FL",$18 - $20 an hour,Manpower,,today,https://www.indeed.com/viewjob?jk=9a8bd05f5cdb4bc9
191,QA Automation Lead,"Tampa, FL","$110,000 - $130,000 a year","Tripod Technologies, Pvt. Ltd",,today,https://www.indeed.com/viewjob?jk=5e272642c9afc301
192,SAP and Ariba Security Lead,"Lake Mary, FL",Not shown,Deloitte,4.0,today,https://www.indeed.com/viewjob?jk=870fc358151aa52d
193,Solution Architect - Data & Analytics,"Tampa, FL",Not shown,Deloitte,4.0,today,https://www.indeed.com/viewjob?jk=b10d9ec3765f8a61
194,Product Owner - Telephony / Cisco / Call Trees / SME,"Orlando, FL",Not shown,AssistRx,2.5,today,https://www.indeed.com/viewjob?jk=f4ed747e700b26bf
195,Sr. ETL Developer,"Lake Mary, FL",Not shown,Deloitte,4.0,today,https://www.indeed.com/viewjob?jk=208199ec0ca9168d
196,SAP EAM/PM - Consultant,"Tampa, FL",Not shown,Deloitte,4.0,today,https://www.indeed.com/viewjob?jk=815a7f5dc8a0771c
197,"Merchant Services-VP, Product Manager-Digital Wallets","Tampa, FL",Not shown,"JPMorgan Chase Bank, N.A.",3.9,today,https://www.indeed.com/viewjob?jk=cddc35c881759399
198,100% REMOTE Senior Security Engineer,"Orlando, FL","$120,000 - $160,000 a year",CyberCoders,3.3,today,https://www.indeed.com/viewjob?jk=66340001dea4f23a
199,Systems Engineer,"Oviedo, FL","$70,000 - $130,000 a year",CyberCoders,3.3,today,https://www.indeed.com/viewjob?jk=ab60711f233d0813
200,Business Analyst,"Tampa, FL",$50 - $55 an hour,DISYS,3.5,today,https://www.indeed.com/viewjob?jk=141bbc91557a766b
201,Product Manager II - HELIX - Merchant Services,"Tampa, FL",Not shown,"JPMorgan Chase Bank, N.A.",3.9,today,https://www.indeed.com/viewjob?jk=0e2e8b21b1d24245
202,SAP EAM/PM - Senior Consultant,"Tampa, FL",Not shown,Deloitte,4.0,today,https://www.indeed.com/viewjob?jk=20d271a6a5091781
203,Network Operations Specialist - Public Trust,"Melbourne, FL",Not shown,D&Z Federal Division,,today,https://www.indeed.com/viewjob?jk=62e75e96b6a62d3f
204,Software Engineer,"Orlando, FL",Not shown,Entegee,3.9,today,https://www.indeed.com/viewjob?jk=bd1570ded2acf44d
205,Senior Software Engineering Manager,"Oviedo, FL",Not shown,CyberCoders,3.3,today,https://www.indeed.com/viewjob?jk=e5ef95a5f42d6826
206,Engineering Manager - Software - Firmware - New Product Design,"Palmetto, FL",Not shown,CyberCoders,3.3,today,https://www.indeed.com/viewjob?jk=12bfae9260e89fb7
207,IT Service Desk Support Specialist,"Orlando, FL",Not shown,ServiceTec,3.0,1 days ago,https://www.indeed.com/viewjob?jk=e771a0b851afc1fc
208,Service Desk Tier 1 Specialist,"Orlando, FL",Not shown,"GLOTECH, Inc.",4.6,1 days ago,https://www.indeed.com/viewjob?jk=1dda05a44f0d726d
209,VoIP Engineer,"Orlando, FL",Not shown,Smart City Telecom,4.4,1 days ago,https://www.indeed.com/viewjob?jk=98a2ad4331987ed1
210,Software Project Manager,"Orlando, FL","$50,000 - $75,000 a year",Quantum Improvements Consulting,,1 days ago,https://www.indeed.com/viewjob?jk=7f7fccd35956102d
211,IT Manager/Applications Specialist,"Orlando, FL","$52,000 - $72,000 a year",Crane Inspection & Certification Bureau,,1 days ago,https://www.indeed.com/viewjob?jk=e7b706b12821b004
212,PHP Web Developer (OnSite),"Orlando, FL",$15 an hour,Amazing Voice,,1 days ago,https://www.indeed.com/viewjob?jk=4b28734abcd09abe
213,Network Engineer,"Orlando, FL",Not shown,Smart City Telecom,4.4,1 days ago,https://www.indeed.com/viewjob?jk=d384b8db4198e9bf
214,END-USER SUPPORT ANALYST I,"Safety Harbor, FL",Not shown,BayCare,3.9,1 days ago,https://www.indeed.com/viewjob?jk=6e48e04becfffc92
215,Econometric and Statistical Data Analyst/Consultant,"Gainesville, FL",Not shown,Infotech Consulting,,1 days ago,https://www.indeed.com/viewjob?jk=9fd905ea7d45d5e3
216,Technology Support Specialist,"Gainesville, FL",$10 - $14 an hour,U.S. Women's Chamber of Commerce,,1 days ago,https://www.indeed.com/viewjob?jk=435fc6a36942ffc4
217,INFORMATION TECHNOLOGY HELP DESK ANALYST,"Tampa, FL",Not shown,PharMerica,3.1,1 days ago,https://www.indeed.com/viewjob?jk=285b81e19fa30ec6
218,Technical Analyst,"Orlando, FL",Not shown,CliftonLarsonAllen,3.3,1 days ago,https://www.indeed.com/viewjob?jk=1ff6c3cc00168dfa
219,Business Intelligence Analyst - SQL + PowerBI,"Orlando, FL","$65,000 - $80,000 a year",eMindful Inc,,1 days ago,https://www.indeed.com/viewjob?jk=9c495be7ce07aefe
220,Data Analyst Biomedical Engineering FT Days,"Orlando, FL",Not shown,AdventHealth Orlando,3.9,1 days ago,https://www.indeed.com/viewjob?jk=660af13a4ccc54aa
221,"Support Specialist I - Information Systems, Full-time","Saint Augustine, FL",Not shown,Flagler Health+,,1 days ago,https://www.indeed.com/viewjob?jk=b19eba996bd6897e
222,Info Tech Support Specialist,"Tampa, FL","$43,600 a year",University of South Florida,4.2,1 days ago,https://www.indeed.com/viewjob?jk=b22f55cce9f430b3
223,Business Unit Network Operations Specialist - Utilities,"Orlando, FL","$46,280 - $59,987 a year",Orange County Government,3.9,1 days ago,https://www.indeed.com/viewjob?jk=20f23e49fe40654a
224,Salaried OPS Statistical Data Analyst,"Tampa, FL",$22.27 an hour,University of South Florida,4.2,1 days ago,https://www.indeed.com/viewjob?jk=4ecf92a7b9a4f801
225,Technical Support,"Orlando, FL",Not shown,Evercommerce,,1 days ago,https://www.indeed.com/viewjob?jk=f26e0f7d64050140
226,iOS Developer,"Orlando, FL",Not shown,CAPCO,3.5,1 days ago,https://www.indeed.com/viewjob?jk=630092d9adc84672
227,Integrated Eligibility QA Tester-SS,"Lake Mary, FL",Not shown,Deloitte,4.0,1 days ago,https://www.indeed.com/viewjob?jk=dbb43f3e8cb3f3b7
228,Helpdesk Support Technician,"Tampa, FL",Not shown,Axogen,3.1,1 days ago,https://www.indeed.com/viewjob?jk=85a7ab30f19bccbd
229,Travel & Expense System Analyst,"Melbourne, FL",Not shown,L3Harris Technologies,3.7,1 days ago,https://www.indeed.com/viewjob?jk=09c743a3aae37f70
230,healthcare Data Analyst,"Rockledge, FL",$40 - $48 an hour,Cigniti Technologies,3.5,1 days ago,https://www.indeed.com/viewjob?jk=01f2be4ada4e6d8e
231,Systems Engineer,"Melbourne, FL",Not shown,Leonardo DRS,3.7,1 days ago,https://www.indeed.com/viewjob?jk=60af23003f633448
232,Creative Producer (AR/VR),"Orlando, FL",Not shown,"Disney Parks, Experiences and Products",4.4,1 days ago,https://www.indeed.com/viewjob?jk=2db9b26bd478c8b0
233,IT Support Specialist I,"Gainesville, FL",Not shown,Vet Comp & Pen Medical Consulting,2.9,1 days ago,https://www.indeed.com/viewjob?jk=b01e250232714c34
234,Ab Initio Developer,"Tampa, FL",Not shown,Horizon Corp,,1 days ago,https://www.indeed.com/viewjob?jk=2fed647a9e81afe8
235,Yield Mngmnt Business Analyst,"Ocoee, FL",Not shown,Westgate Resorts,3.5,1 days ago,https://www.indeed.com/viewjob?jk=9b4737cf286cb5f8
236,Tech II - Help Desk,"Clearwater, FL",Not shown,PODS Inc.,3.2,1 days ago,https://www.indeed.com/viewjob?jk=ab5611bbe0c38109
237,Network System Specialist,"Tampa, FL",Not shown,HireVergence,2.5,1 days ago,https://www.indeed.com/viewjob?jk=3699c55a48f73da3
238,General Game Programmer,"Orlando, FL",Not shown,"Mass Virtual, Inc.",,1 days ago,https://www.indeed.com/viewjob?jk=a63ee7e40636435b
239,Business Systems Analyst Sr,"Gainesville, FL","$76,400 - $114,600 a year","City Of Gainesville, FL",3.9,1 days ago,https://www.indeed.com/viewjob?jk=44dd0a2229b631fb
240,Database Administrator,"Tampa, FL",Not shown,Deloitte,4.0,1 days ago,https://www.indeed.com/viewjob?jk=341d20679b2b7339
241,Implementation Specialist - Payroll,"Maitland, FL",Not shown,ADP,3.8,1 days ago,https://www.indeed.com/viewjob?jk=6df6f8479be5b671
242,Data Analyst I,"Tampa, FL","$42,000 - $65,000 a year",Suncoast Credit Union,3.9,1 days ago,https://www.indeed.com/viewjob?jk=324d15cb06c4fd8a
243,Information Systems Manager,"Orlando, FL",Not shown,Correct Craft,3.2,1 days ago,https://www.indeed.com/viewjob?jk=2ebfe70135e3ecdd
244,Business Analyst II,"Orlando, FL",Not shown,Magellan Health,3.5,1 days ago,https://www.indeed.com/viewjob?jk=1cd2784bf58385b9
245,Jr. Developer,"Tampa, FL","From $50,000 a year",Safepoint Insurance,,1 days ago,https://www.indeed.com/viewjob?jk=3c8df997d29fff07
246,Senior ETL Developer,"Tampa, FL",Not shown,Citi,3.9,1 days ago,https://www.indeed.com/viewjob?jk=0da28e6d96358549
247,ETL Developer With Snaplogic Experience,"Tampa, FL",$53 - $58 an hour,ibrain Technologies Inc,,1 days ago,https://www.indeed.com/viewjob?jk=d5f764227855d39f
248,IT Project Manager,"Tampa, FL",Not shown,Ivy Rehab,3.2,1 days ago,https://www.indeed.com/viewjob?jk=449e4ca2d1b678f5
249,Learning Management System Administrator,"Tampa, FL",Not shown,Checkers & Rally's Drive-In Restaurants,3.3,1 days ago,https://www.indeed.com/viewjob?jk=f906d2fe46d61252
250,Customer Service / Technical Support,"Wesley Chapel, FL",Not shown,"Vantagepoint ai, LLC",,1 days ago,https://www.indeed.com/viewjob?jk=9783ff8691a9be02
251,PC Technician,"Tampa, FL",Not shown,Jacobs,3.9,1 days ago,https://www.indeed.com/viewjob?jk=dcf706378726607a
252,Reference Data Management Associate Analyst,"Tampa, FL",Not shown,Citi,3.9,1 days ago,https://www.indeed.com/viewjob?jk=63265efb16b3917b
253,Business Application Support Specialist II,"Lady Lake, FL",Not shown,"The Villages Health, LLC",3.8,1 days ago,https://www.indeed.com/viewjob?jk=0cfd2a4874a4933e
254,Security Administrator,"Tampa, FL",Not shown,Collaborative Solutions,3.5,1 days ago,https://www.indeed.com/viewjob?jk=90f3a6f08205ab1d
255,NOC Technician,"Orlando, FL",Not shown,iboss,3.2,1 days ago,https://www.indeed.com/viewjob?jk=b69685a20400ebe3
256,Machine Learning Engineer Internship,"Orlando, FL",Not shown,LOCKHEED MARTIN CORPORATION,4.0,1 days ago,https://www.indeed.com/viewjob?jk=a37ffa7899055a81
257,Developer,"Orlando, FL",Not shown,The Cervantes Group,4.1,1 days ago,https://www.indeed.com/viewjob?jk=39c9f859476a8fb6
258,Java Developer,"Tampa, FL",Not shown,Virtusa,3.7,1 days ago,https://www.indeed.com/viewjob?jk=b68a061c41ce68db
259,IT Accounting Clerk,"Rockledge, FL",Not shown,Saalex Solutions Inc,4.0,1 days ago,https://www.indeed.com/viewjob?jk=dea3806a7f6a3fc2
260,QA Test Automation Engineer,"Orlando, FL",Not shown,Darden,3.9,1 days ago,https://www.indeed.com/viewjob?jk=f9a584152602fb00
261,Data Engineer Intern (Summer 2021),"Orlando, FL",Not shown,Plansource,3.2,1 days ago,https://www.indeed.com/viewjob?jk=9b1b37674492b546
262,Windchill Administrator,"Tampa, FL",Not shown,"IPolarity, LLC",,1 days ago,https://www.indeed.com/viewjob?jk=748a4c8488c57a3f
263,Technology Integration Analyst,"Tampa, FL",Not shown,BRP,3.9,1 days ago,https://www.indeed.com/viewjob?jk=d3d803adf6817ac0
264,Logistics System Process & Integration Manager,"Kissimmee, FL",Not shown,"Disney Parks, Experiences and Products",4.4,1 days ago,https://www.indeed.com/viewjob?jk=a954c501797dd31c
265,Data Analyst - FP&A,"Clearwater, FL",Not shown,Tech Data Corporation,3.6,1 days ago,https://www.indeed.com/viewjob?jk=51be3f85c5fd963d
266,IT Project Manager (Local Candidates Only),"Vero Beach, FL",Not shown,"Medical Data Systems, Inc (MDS)",3.2,1 days ago,https://www.indeed.com/viewjob?jk=47a74c644bdd0f07
267,Vulnerability Researcher,"Melbourne, FL",Not shown,Raytheon Intelligence & Space,3.9,1 days ago,https://www.indeed.com/viewjob?jk=b31618fd153f3c16
268,Project Manager,"Tampa, FL",Not shown,Benefytt Technologies,,1 days ago,https://www.indeed.com/viewjob?jk=c7b7ad6ac3748d99
269,"Director, Software Engineering","Orlando, FL",Not shown,"Magic Leap, Inc.",3.3,1 days ago,https://www.indeed.com/viewjob?jk=38fd96bc08ae9b00
270,Senior Systems Administrator,"Melbourne, FL",Not shown,Christian Care Ministry,3.5,1 days ago,https://www.indeed.com/viewjob?jk=9a1da8161b8df73a
271,Systems Project Manager,"Ocala, FL",Not shown,Chewy,2.7,1 days ago,https://www.indeed.com/viewjob?jk=3305b21f51cc33b4
272,Tibco Spotfire/Jaspersoft/WebFocus developer,"Lake Mary, FL",Not shown,Kash Tech,,1 days ago,https://www.indeed.com/viewjob?jk=ff06f6e2b3759533
273,IT Auditor,"Orlando, FL",Not shown,iboss,3.2,1 days ago,https://www.indeed.com/viewjob?jk=9e116eee0092b5ab
274,Developer,"Tampa, FL","$65,000 - $95,000 a year",Suncoast Credit Union,3.9,1 days ago,https://www.indeed.com/viewjob?jk=e3cd0948b26c7d0e
275,Systems Engineer,"Orlando, FL",Not shown,"StraCon Services Group, LLC.",4.6,1 days ago,https://www.indeed.com/viewjob?jk=3b194ef14874f8e5
276,IT Developer,"Gainesville, FL","$55,000 a year","Meridian Behavioral Healthcare, Inc.",3.0,1 days ago,https://www.indeed.com/viewjob?jk=7bb0f06f3c6b9567
277,UX Designer - Global Consumer Credit,"Melbourne, FL",Not shown,PayPal,3.9,1 days ago,https://www.indeed.com/viewjob?jk=ddc9862b2e4cbbe8
278,Sr Program Manager Operations Excellence,"Ocala, FL",Not shown,Chewy,2.7,1 days ago,https://www.indeed.com/viewjob?jk=9de04e1b1cde0f88
279,Information Technology Manager (R12),"Orlando, FL",$30 - $43 an hour,Manpower,3.8,1 days ago,https://www.indeed.com/viewjob?jk=d28a2f817d6b3221
280,Network Support Engineer,"Orlando, FL",Not shown,iboss,3.2,1 days ago,https://www.indeed.com/viewjob?jk=5653d2f78bd5d09e
281,Technical Business Analyst/Business Data Analyst,"Tampa, FL",$50 - $55 an hour,Talent tigers,,1 days ago,https://www.indeed.com/viewjob?jk=58325e77fca2a9bb
282,Level 2 IT Help Desk Technician,"Winter Haven, FL",$14 - $18 an hour,TechMate Computer Sales & Service,,1 days ago,https://www.indeed.com/viewjob?jk=406f5e47dcf01920
283,National Consulting - Orlando - Consultant Development Program - Technology Consulting - Platforms Intern - Summer 2021,"Orlando, FL",Not shown,Ernst & Young,4.0,1 days ago,https://www.indeed.com/viewjob?jk=06de507042816357
284,SQL Scripting Compliance Specialist,"Orlando, FL",Not shown,Leidos,3.7,1 days ago,https://www.indeed.com/viewjob?jk=48eb640e7ab12fe3
285,Senior Java Developer,"Clearwater, FL","$115,000 - $130,000 a year","Software Management Consultants, Inc",3.8,1 days ago,https://www.indeed.com/viewjob?jk=5471ae1809f96694
286,Digital Engineer,"Gainesville, FL",Not shown,Mercury Systems,3.2,1 days ago,https://www.indeed.com/viewjob?jk=7a1e1a5c1afcf79b
287,Front End Engineer,"Tampa, FL",Not shown,Xylem,3.4,1 days ago,https://www.indeed.com/viewjob?jk=0c96b6a11306e6f9
288,Senior Technical Support Engineer,"Orlando, FL",Not shown,ServiceNow,3.6,1 days ago,https://www.indeed.com/viewjob?jk=7dca64817ce152e8
289,Linux Systems Engineer,"Orlando, FL",Not shown,iboss,3.2,1 days ago,https://www.indeed.com/viewjob?jk=979006f5aa77a602
290,Product Manager,"Orlando, FL",Not shown,SightPlan,,1 days ago,https://www.indeed.com/viewjob?jk=0e5c5789030a6d8e
291,Remote CRM System Developer,"Gainesville, FL",Not shown,HYPOTEC,4.9,1 days ago,https://www.indeed.com/viewjob?jk=b960e7c5394851dd
292,Sr Programming Analyst - SOA,"Orlando, FL",Not shown,Darden,3.9,1 days ago,https://www.indeed.com/viewjob?jk=cd055184b270f8b2
293,Data Engineer Supervisor,"Tampa, FL","$65,000 - $97,000 a year",Suncoast Credit Union,3.9,1 days ago,https://www.indeed.com/viewjob?jk=6af563331a2d43e4
294,Infrastructure Cloud Engineer,"Orlando, FL",Not shown,Conduent,2.7,1 days ago,https://www.indeed.com/viewjob?jk=c5a5cf77c4f42386
295,"Product Manager, Teams","Clearwater, FL",Not shown,Malwarebytes,4.1,1 days ago,https://www.indeed.com/viewjob?jk=3319df4de98f3214
296,SharePoint Data Integration Developer,"Merritt Island, FL",Not shown,Ares Holdings Corporation,,1 days ago,https://www.indeed.com/viewjob?jk=2ab6d53e7b85a597
297,PLANNING PROGRAM MANAGER,"Tampa, FL",Not shown,H. Lee Moffitt Cancer Center,4.0,1 days ago,https://www.indeed.com/viewjob?jk=aa2d7e8683cb2761
298,Scrum Master,"Clearwater, FL",Not shown,GSP Companies,2.9,1 days ago,https://www.indeed.com/viewjob?jk=03aa2748a5524582
299,Senior Unity (VR) Software Engineer,"Orlando, FL",Not shown,"Mass Virtual, Inc.",,1 days ago,https://www.indeed.com/viewjob?jk=3330845d142d5d80
300,Java Developer,"Orlando, FL",Not shown,iboss,3.2,1 days ago,https://www.indeed.com/viewjob?jk=f25ad642158c751f
301,TS/SCI - Network Security Engineer - ISSM,"Tampa, FL",Not shown,"CWU, Inc.",3.6,1 days ago,https://www.indeed.com/viewjob?jk=aca4ff373ff043b7
302,Unified Communications Engineer,"Tampa, FL",Not shown,Computer World Services,3.8,1 days ago,https://www.indeed.com/viewjob?jk=d82ff51fe83866e1
303,ICG O&T Operational Risk Sr Analyst - Asst Vice President,"Tampa, FL",Not shown,Citi,3.9,1 days ago,https://www.indeed.com/viewjob?jk=aa516f91e18dc9ab
304,"Technical Program Manager, Industrial Internet of Things","Tampa, FL",Not shown,Jabil,3.9,1 days ago,https://www.indeed.com/viewjob?jk=9ded5ec4aba0e1f7
305,Senior Product Designer (UX),"Clearwater, FL",Not shown,Malwarebytes,4.1,1 days ago,https://www.indeed.com/viewjob?jk=dfb0d284f7b80ebc
306,Senior Java Developer,"Tampa, FL",Not shown,Horizon Corp,,1 days ago,https://www.indeed.com/viewjob?jk=a33109911d17ba51
307,Cloud Engineer,"Melbourne, FL",Not shown,Northrop Grumman,4.0,1 days ago,https://www.indeed.com/viewjob?jk=57664b28dae6b3c6
308,TS/SCI - IT Systems Project Manager,"Tampa, FL",Not shown,"CWU, Inc.",3.6,1 days ago,https://www.indeed.com/viewjob?jk=987023c34ff068e5
309,Technology Specialist I - IT,"Dixie, FL",Not shown,"Clerk of the Circuit Court & Comptroller, Palm Bea...",,1 days ago,https://www.indeed.com/viewjob?jk=fe4e1649fbdbd466
310,Angular Developer,"Orlando, FL",Not shown,Qualpro Systems,,1 days ago,https://www.indeed.com/viewjob?jk=3002f438ab1a42f3
311,Senior Cloud Architect - SVP- Tampa- R2044963,"Tampa, FL",Not shown,Citi,3.9,1 days ago,https://www.indeed.com/viewjob?jk=e3fcff2f9873347a
312,NOC Technician 3rd Shift,"Orlando, FL",Not shown,iboss,3.2,1 days ago,https://www.indeed.com/viewjob?jk=bcf30d848e8ee72e
313,Network Engineer,"Orlando, FL",Not shown,iboss,3.2,1 days ago,https://www.indeed.com/viewjob?jk=9db9e5017d6fad1d
314,Linux IT Systems Engineer / Active Secret Clearance / FL,"Orlando, FL",Not shown,LOCKHEED MARTIN CORPORATION,4.0,1 days ago,https://www.indeed.com/viewjob?jk=87073b8c58864675
315,Senior Network Engineer,"Lakeland, FL",Not shown,Perpetual Technology Solutions,1.8,1 days ago,https://www.indeed.com/viewjob?jk=4735674c6407171d
316,Cyber Security Advisor,"Lakeland, FL",Not shown,FedEx Services,3.9,1 days ago,https://www.indeed.com/viewjob?jk=1011e9bd127c2ee3
317,Business Technical Analyst,"Tampa, FL",Not shown,Centene Corporation,3.2,1 days ago,https://www.indeed.com/viewjob?jk=ab4619880205a74d
318,Intermediate Java Developer,"Tampa, FL",Not shown,Citi,3.9,1 days ago,https://www.indeed.com/viewjob?jk=6556ffc310b58387
319,Project Execution - Technical Infrastructure Project Manager,"Tampa, FL",Not shown,"JPMorgan Chase Bank, N.A.",3.9,1 days ago,https://www.indeed.com/viewjob?jk=b2c6cdd2e4e0d0a8
320,Cloud Infrastructure Engineer,"Orlando, FL",Not shown,iboss,3.2,1 days ago,https://www.indeed.com/viewjob?jk=d1e0273128aa9265
321,Senior Database Developer,"Tampa, FL",Not shown,DTCC,3.7,1 days ago,https://www.indeed.com/viewjob?jk=5503f0f2193e2b00
322,Sr. Software Engineer - front end/UI,"Tampa, FL",Not shown,Fanatics Inc.,3.6,1 days ago,https://www.indeed.com/viewjob?jk=a22fd5b4754dc64c
323,Java Services Engineer,"Orlando, FL",Not shown,Cigna,3.7,1 days ago,https://www.indeed.com/viewjob?jk=a1fa1f84b187bf71
324,"IT Analyst, QA Targeting & Data - Mobile","Orlando, FL",Not shown,Universal Orlando,4.1,1 days ago,https://www.indeed.com/viewjob?jk=be536a0517fa8c59
325,Data Integration Developer - Engineer 2,"Kennedy Space Center, FL",Not shown,"Rothe Enterprises, Inc.",3.3,1 days ago,https://www.indeed.com/viewjob?jk=35863be00635cf8c
326,Solution Enterprise Architect - Application Server,"Orlando, FL",Not shown,Capgemini,3.8,1 days ago,https://www.indeed.com/viewjob?jk=c210e9ff8801c4ba
327,Lead Business Analyst/Project Manager - Tampa - C13/VP - R2164947,"Tampa, FL",Not shown,Citi,3.9,1 days ago,https://www.indeed.com/viewjob?jk=efef15e88b5d0c99
328,Linux System Administrator,"Orlando, FL",Not shown,iboss,3.2,1 days ago,https://www.indeed.com/viewjob?jk=f046d2ff8aa4b35d
329,Embedded Software Engineer,"Saint Petersburg, FL",Not shown,SRI International,3.6,1 days ago,https://www.indeed.com/viewjob?jk=255fe489ad94a911
330,Dynamics NAV/Business Central - Senior Developer,"Tampa, FL",Not shown,Stoneridge Software,3.9,1 days ago,https://www.indeed.com/viewjob?jk=891194fc2d492337
331,"IT Analyst, QA Targeting & Data - Mobile","Orlando, FL",Not shown,Universal Orlando,4.1,1 days ago,https://www.indeed.com/viewjob?jk=be536a0517fa8c59
332,Technical Implementation Engineer,"Orlando, FL",Not shown,iboss,3.2,1 days ago,https://www.indeed.com/viewjob?jk=7c9b6be31e534d3b
333,Summer Internship:Cyber Engineering Intern(Junior/Senior),"Melbourne, FL",Not shown,Raytheon Intelligence & Space,3.9,1 days ago,https://www.indeed.com/viewjob?jk=e15f5c886c34dc78
334,Cyber Engineer I,"Clearwater, FL",Not shown,Honeywell,3.7,1 days ago,https://www.indeed.com/viewjob?jk=2e34c08104f486e5
335,SAP Enterprise Solution Architect - Utility,"Ybor City, FL",Not shown,Tampa Electric Company,3.8,1 days ago,https://www.indeed.com/viewjob?jk=51bb2a21e2cccaaa
336,Senior Software Quality Assurance Engineer,"Melbourne, FL",Not shown,Leonardo DRS,3.7,1 days ago,https://www.indeed.com/viewjob?jk=5b459effd1798e52
337,Customer Success Engineer,"Orlando, FL",Not shown,iboss,3.2,1 days ago,https://www.indeed.com/viewjob?jk=9c895071db15043f
338,Director Product Management,"Tampa, FL",Not shown,Jabil,3.9,1 days ago,https://www.indeed.com/viewjob?jk=df3134519c9e14e1
339,Big Data Principal Software Engineer,"Tampa, FL",Not shown,Horizon Corp,,1 days ago,https://www.indeed.com/viewjob?jk=13a7c6a0b7755425
340,"Machine Learning Engineer, Lead","Orlando, FL",Not shown,Booz Allen Hamilton,3.9,1 days ago,https://www.indeed.com/viewjob?jk=963c73f9fd9530f2
341,Java Developer,"Orlando, FL",Not shown,iboss,3.2,1 days ago,https://www.indeed.com/viewjob?jk=f25ad642158c751f
342,TS/SCI - Network Security Engineer - ISSM,"Tampa, FL",Not shown,"CWU, Inc.",3.6,1 days ago,https://www.indeed.com/viewjob?jk=aca4ff373ff043b7
343,Unified Communications Engineer,"Tampa, FL",Not shown,Computer World Services,3.8,1 days ago,https://www.indeed.com/viewjob?jk=d82ff51fe83866e1
344,ICG O&T Operational Risk Sr Analyst - Asst Vice President,"Tampa, FL",Not shown,Citi,3.9,1 days ago,https://www.indeed.com/viewjob?jk=aa516f91e18dc9ab
345,IT SPECIALIST (NETWORK),"Macdill AFB, FL","$77,488 - $100,739 a year",US Department of Defense,4.2,2 days ago,https://www.indeed.com/viewjob?jk=10df8c080fd5ee53
346,National Consulting - Orlando - Consultant Development Program - Technology Consulting - Cybersecurity Consulting Intern - Summer 2021,"Orlando, FL",Not shown,Ernst & Young,4.0,2 days ago,https://www.indeed.com/viewjob?jk=44d9693d1e52a5f6
347,Business Analyst I- Clinical Analytics,"Orlando, FL",Not shown,AdventHealth,3.9,2 days ago,https://www.indeed.com/viewjob?jk=a160722c24971000
348,QA Tester Jr/Intern,"Tampa, FL",$35 - $45 an hour,Core Soft Tech,,2 days ago,https://www.indeed.com/viewjob?jk=743368f29be284ae
349,Systems Engineer Associate,"Orlando, FL",Not shown,LOCKHEED MARTIN CORPORATION,4.0,2 days ago,https://www.indeed.com/viewjob?jk=c63e978a891449d3
350,Part Time Information Technology Internship,"Tampa, FL",Not shown,Tindale-Oliver & Associates,,2 days ago,https://www.indeed.com/viewjob?jk=83a08f7abf3a7627
351,IT Systems and Network Administrator,"Sanford, FL",Not shown,TBI US OPERATIONS INC,3.3,2 days ago,https://www.indeed.com/viewjob?jk=385b5d315d82194f
352,Technical Support Specialist - Tier 1,"Melbourne, FL",Not shown,Percepta,2.9,2 days ago,https://www.indeed.com/viewjob?jk=2e8abd714a1f1284
353,Customer Service and Technical Support Representative,"Brandon, FL",$13 - $16 an hour,Tech Sav,,2 days ago,https://www.indeed.com/viewjob?jk=c35a6f9992f5d4ad
354,IT Applications Support,"Tampa, FL",$15 - $18 an hour,Chadwell Supply,3.3,2 days ago,https://www.indeed.com/viewjob?jk=33128acda0bc56a0
355,Data Analyst,"Daytona Beach, FL",Not shown,Brown & Brown,3.1,2 days ago,https://www.indeed.com/viewjob?jk=31ee7697919f9049
356,"Intern, Business Analyst, Summer FIS University Program 2021","Orlando, FL",Not shown,FIS Global,3.5,2 days ago,https://www.indeed.com/viewjob?jk=a95ff3c27f9b7f54
357,Helpdesk L1 $16/Hour,"Lake Mary, FL",$16 an hour,Alorica,3.0,2 days ago,https://www.indeed.com/viewjob?jk=70007e64241778ca
358,Data Analyst,"Tampa, FL",Not shown,Elutions,,2 days ago,https://www.indeed.com/viewjob?jk=06230c590044d55e
359,Data Analyst,"Daytona Beach, FL",Not shown,Brown & Brown Insurance,3.1,2 days ago,https://www.indeed.com/viewjob?jk=ff6fa1751a040a28
360,Helpdesk L1 $16/Hour,"Lake Mary, FL",$16 an hour,Alorica,3.0,2 days ago,https://www.indeed.com/viewjob?jk=70007e64241778ca
361,Data Analyst,"Tampa, FL",Not shown,Elutions,,2 days ago,https://www.indeed.com/viewjob?jk=06230c590044d55e
362,Data Analyst,"Daytona Beach, FL",Not shown,Brown & Brown Insurance,3.1,2 days ago,https://www.indeed.com/viewjob?jk=ff6fa1751a040a28
363,Product Manager,"Orlando, FL",Not shown,Wiley,3.8,2 days ago,https://www.indeed.com/viewjob?jk=fa2e55903a9aba6d
364,Experience Designer,"Tampa, FL",Not shown,Accenture,4.0,2 days ago,https://www.indeed.com/viewjob?jk=6f013015bf71f013
365,System Engineer (Application Administrator),"Tampa, FL",Not shown,Centene Corporation,3.2,2 days ago,https://www.indeed.com/viewjob?jk=33526725b8086b29
366,Level Designer,"Mount Dora, FL",Not shown,Steamroller Studios,4.0,2 days ago,https://www.indeed.com/viewjob?jk=7b2840707757d705
367,Technical Support Tier II,"Melbourne, FL",Not shown,"Radial, Inc.",3.2,2 days ago,https://www.indeed.com/viewjob?jk=caac16aff4c852d5
368,Technical Support Engineer,"Orlando, FL",Not shown,ServiceNow,3.6,2 days ago,https://www.indeed.com/viewjob?jk=af6922aabb6f664d
369,Data Management Operations Manager,"Orlando, FL",Not shown,LOCKHEED MARTIN CORPORATION,4.0,2 days ago,https://www.indeed.com/viewjob?jk=5dbf1eebe14fbcfb
370,Technical Support Representative,"Sebring, FL",Not shown,Chapters Health System,2.5,2 days ago,https://www.indeed.com/viewjob?jk=b6e4b1558abf11df
371,Enterprise Architect,"Orlando, FL",Not shown,FedEx Services,3.9,2 days ago,https://www.indeed.com/viewjob?jk=4e386e546ff854d2
372,IT SPECIALIST (APPSW),"Macdill AFB, FL","$92,143 - $119,787 a year",US Department of the Air Force,4.4,2 days ago,https://www.indeed.com/viewjob?jk=cd8fb1cdd7a42532
373,Business Analyst III,"Tampa, FL",Not shown,Centene Corporation,3.2,2 days ago,https://www.indeed.com/viewjob?jk=8c5f97028921a72b
374,Senior Data Scientist,"Tampa, FL","$200,000 - $220,000 a year",THEMESOFT,4.1,2 days ago,https://www.indeed.com/viewjob?jk=00d707acbd6058a1
375,Senior Technical Support Engineer,"Orlando, FL",Not shown,iboss,3.2,1 days ago,https://www.indeed.com/viewjob?jk=a1465fd293752f75
376,VP-AppDynamics Senior Engineering Lead,"Tampa, FL",Not shown,Citi,3.9,1 days ago,https://www.indeed.com/viewjob?jk=6947a47886a16104
377,"Sr. Network Administrator - TS/SCI - Tampa, FL","Tampa, FL",Not shown,General Dynamics Information Technology,3.8,1 days ago,https://www.indeed.com/viewjob?jk=5a4d677581daeb5b
378,Embedded Software Engineer,"Melbourne, FL",From $65 an hour,"Revolution Technologies, LLC",,1 days ago,https://www.indeed.com/viewjob?jk=5f8d378b7a996f95
379,Advanced Cyber Systems Engineer - Electrical Design,"Clearwater, FL",Not shown,Honeywell,3.7,1 days ago,https://www.indeed.com/viewjob?jk=d88eb7fbec437229
380,"Sr, SQL Database Developer","Tampa, FL",$48 - $55 an hour,"Source Select Group, LLC",,1 days ago,https://www.indeed.com/viewjob?jk=9e191731887128a6
381,Senior Network Engineer,"Orlando, FL",Not shown,iboss,3.2,1 days ago,https://www.indeed.com/viewjob?jk=94cf337861c18961
382,Software Engineer,"Orlando, FL",Not shown,iboss,3.2,1 days ago,https://www.indeed.com/viewjob?jk=782ba4c410dc23f8
383,PHP Web Developer,"Bradenton, FL",Not shown,IRISS Inc.,,1 days ago,https://www.indeed.com/viewjob?jk=0201e92ddb6c1fae
384,"IT Analyst, Tagging & Implementation - Mobile","Orlando, FL",Not shown,Universal Orlando,4.1,1 days ago,https://www.indeed.com/viewjob?jk=4a61af5b3a0cd6bd
385,Helpdesk Technician,"Clearwater, FL",$17 - $18 an hour,Hiregy,4.0,1 days ago,https://www.indeed.com/viewjob?jk=6d380d40844f19ad
386,Power BI Developer,"Tampa, FL","$65,000 a year",The CSI Companies,3.7,1 days ago,https://www.indeed.com/viewjob?jk=11b36a24b36467d0
387,IT Systems Engineer Sr.,Florida,Not shown,Paradigm Management Services L,,1 days ago,https://www.indeed.com/viewjob?jk=0775049eb8d2b1e3
388,Site Reliability Engineer,"Orlando, FL",Not shown,iboss,3.2,1 days ago,https://www.indeed.com/viewjob?jk=ad35f7e7e5302c1c
389,"System Administrator, Staff","Dill, FL",Not shown,Parsons,4.0,1 days ago,https://www.indeed.com/viewjob?jk=f006a7571f2ce3c7
390,Digital Workspace Systems (Linux / Windows Desktop Support),"Tampa, FL","$96,000 a year",Johnson Service Group Inc.,3.8,1 days ago,https://www.indeed.com/viewjob?jk=5a805334f16590e8
391,"Desktop Technician ACTIVE Secret Security Clearance in Cape Canaveral, FL","Cape Canaveral, FL",$21 - $23 an hour,Patriot Staffing & Services LLC,,1 days ago,https://www.indeed.com/viewjob?jk=0c3ca1edb6034559
392,Stroke Program Manager Registered Nurse FT Days,"Orlando, FL",Not shown,AdventHealth,3.9,1 days ago,https://www.indeed.com/viewjob?jk=ca2d3c047e7a9a84
393,Sr. .Net Developer 5 years exp. req.,Florida,"$85,000 - $100,000 a year","Everyware, Inc",,1 days ago,https://www.indeed.com/viewjob?jk=9fb66be2c27818e5
394,"System Administrator, Senior","Dill, FL",Not shown,Parsons,4.0,1 days ago,https://www.indeed.com/viewjob?jk=fc3fe64988677415
395,"Sr. Developer, Big Data","Orlando, FL",Not shown,Universal Orlando,4.1,1 days ago,https://www.indeed.com/viewjob?jk=74d7a7db427e3786
396,Software Configuration Engineer,"Orlando, FL",Not shown,NXT Recruiting LLC,,1 days ago,https://www.indeed.com/viewjob?jk=8a0e40d9c8376ff5
397,"Agile Coach, USC/GCH only — T","Tampa, FL",Not shown,Select Group,3.5,1 days ago,https://www.indeed.com/viewjob?jk=3b4f33763f93b2d0
398,NOC Technician,"Melbourne, FL",From $20 an hour,Insight Global,4.0,1 days ago,https://www.indeed.com/viewjob?jk=bf439251a275bc52
399,Software Developer,"Tampa, FL","$70,000 - $85,000 a year",CyberCoders,3.3,1 days ago,https://www.indeed.com/viewjob?jk=88389f8c972b4431
400,Senior Java Developer,"Orlando, FL",Not shown,iboss,3.2,1 days ago,https://www.indeed.com/viewjob?jk=8d9717f537de0e9c
401,Web Content Developer,"Safety Harbor, FL",Not shown,SNI Technology,3.2,1 days ago,https://www.indeed.com/viewjob?jk=1d6a589d0687f987
402,RPA Developer - 302345,"Tampa, FL",Not shown,Procom,3.6,1 days ago,https://www.indeed.com/viewjob?jk=5eef3485a8f72960
403,Sr. .NET Software Developer,"Orlando, FL",$50 - $53 an hour,Vaco,3.7,1 days ago,https://www.indeed.com/viewjob?jk=47c3982c460d964c
404,IT Contract Analyst,"Tampa, FL",Not shown,Tews Company,4.6,1 days ago,https://www.indeed.com/viewjob?jk=f1bdae9770fa71d3
405,Software Engineer,"Tampa, FL",$60 an hour,Vaco,3.7,1 days ago,https://www.indeed.com/viewjob?jk=0cbf7fcdc25a3d79
406,Principal Semiconductor Engineer-Remote,"Clearwater, FL",$50 - $80 an hour,Datamatics Global Services Inc,3.5,1 days ago,https://www.indeed.com/viewjob?jk=d28c25f7a9fd79cb
407,Angular Developer,"Orlando, FL",Not shown,Qualpro Systems,,1 days ago,https://www.indeed.com/viewjob?jk=3002f438ab1a42f3
408,REMOTE Sr DevOps Engineer (AWS),"Orlando, FL","$120,000 - $160,000 a year",CyberCoders,3.3,1 days ago,https://www.indeed.com/viewjob?jk=0aced5cf591af35d
409,Senior Advanced Cyber Engineer - Electrical Design,"Clearwater, FL",Not shown,Honeywell,3.7,1 days ago,https://www.indeed.com/viewjob?jk=5c9b5b54922e893b
410,Business Systems Analyst - 302293,"Tampa, FL",Not shown,Procom,3.6,1 days ago,https://www.indeed.com/viewjob?jk=f63690941f10bca9
411,Sr. Digital Project Manager,"Orlando, FL",Not shown,Tews Company,4.6,1 days ago,https://www.indeed.com/viewjob?jk=e6ea8a40644669d3
412,Remote Sr. Front End Engineer (Golang),"Gainesville, FL","From $110,000 a year",CyberCoders,3.3,1 days ago,https://www.indeed.com/viewjob?jk=3eb5ae6baab67d87
413,SAP Hybris Developer !REMOTE!,"Tampa, FL","$140,000 - $160,000 a year",CyberCoders,3.3,1 days ago,https://www.indeed.com/viewjob?jk=9670f5eae47fc0bc
414,US Citizen Only; Embedded Software Integration Engineer (74),"Orlando, FL",$80 an hour,CSS Staffing,4.0,1 days ago,https://www.indeed.com/viewjob?jk=4f3f3a21119e8514
415,Senior Software Engineer,"Orlando, FL",Not shown,Vaco,3.7,1 days ago,https://www.indeed.com/viewjob?jk=1c5558ed6d68001f
416,Senior PHP Developer,"Tampa, FL",Not shown,CyberCoders,3.3,1 days ago,https://www.indeed.com/viewjob?jk=40cc01fb5d5b6389
417,DevOps Build Engineer (US Citizen ONLY) (011),"Orlando, FL",$50 an hour,CSS Staffing,4.0,1 days ago,https://www.indeed.com/viewjob?jk=8aff970026889923
418,Information Technology Specialist,"Port Orange, FL",Not shown,City of Port Orange,3.5,2 days ago,https://www.indeed.com/viewjob?jk=14f57647c1b3339c
419,Central - Orlando - Technology Risk Staff - S/F 2021,"Orlando, FL",Not shown,Ernst & Young,4.0,2 days ago,https://www.indeed.com/viewjob?jk=8370bf07eb8a9096
420,Desktop Technical Support $16/Hour,"Lake Mary, FL",$16 an hour,Alorica,3.0,2 days ago,https://www.indeed.com/viewjob?jk=2445671e3f3cfc17
421,Senior Cyber Assessment Analyst – Cloud Services,"Lake Mary, FL",Not shown,Deloitte,4.0,2 days ago,https://www.indeed.com/viewjob?jk=a6596ffb86a9b305
422,Big Data/Spark Developer,"Tampa, FL",Not shown,Citi,3.9,2 days ago,https://www.indeed.com/viewjob?jk=f76300226d1adf18
423,Lead Windows Systems Administrator,"Palm Bay, FL",Not shown,L3Harris Technologies,3.7,2 days ago,https://www.indeed.com/viewjob?jk=115085042ea95b90
424,Cyber Security Splunk Engineer,"Tampa, FL",Not shown,Deloitte,4.0,2 days ago,https://www.indeed.com/viewjob?jk=4fc12ae1bd2c7df3
425,Oracle DBA Manager,"Tampa, FL",Not shown,Accenture,4.0,2 days ago,https://www.indeed.com/viewjob?jk=9cc411ab6da3e729
426,QC Specialist AVP,"Tampa, FL",Not shown,Citi,3.9,2 days ago,https://www.indeed.com/viewjob?jk=1a6f7e28cfbb464f
427,Systems Analyst - Sr. Systems Analyst,"Lakeland, FL",Not shown,Publix,4.1,2 days ago,https://www.indeed.com/viewjob?jk=8c46132c3b4a9b4c
428,ENGINEERING PROJECT COORDINATOR,"Plant City, FL",Not shown,The City of Plant City,3.1,2 days ago,https://www.indeed.com/viewjob?jk=8b4ae29ef5e440ab
429,Front End UI/UX Designer,"Lake Mary, FL","$65,000 - $85,000 a year",United Systems and Software,,2 days ago,https://www.indeed.com/viewjob?jk=8893c1c69d553a77
430,Sr. System Engineer,"Clearwater, FL",Not shown,Intone Networks,4.2,2 days ago,https://www.indeed.com/viewjob?jk=709b86ec955c5164
431,C# .Net Developer,"Tampa, FL",Not shown,Chadwell Supply,3.3,2 days ago,https://www.indeed.com/viewjob?jk=211509d105a2c77e
432,Data Integration Developer Position Description – ENG 2,"Kennedy Space Center, FL",Not shown,"Lentech, Inc",4.4,2 days ago,https://www.indeed.com/viewjob?jk=1655b26f73015827
433,Experience Design Lead,"Tampa, FL",Not shown,Accenture,4.0,2 days ago,https://www.indeed.com/viewjob?jk=fac21abf1d5aafbf
434,Full Stack Engineer (AI Software Developer),"Orlando, FL",Not shown,LOCKHEED MARTIN CORPORATION,4.0,2 days ago,https://www.indeed.com/viewjob?jk=f61cc24b35c22e39
435,Data Analyst,"Tampa, FL",Not shown,Elutions,,2 days ago,https://www.indeed.com/viewjob?jk=06230c590044d55e
436,Data Analyst,"Daytona Beach, FL",Not shown,Brown & Brown Insurance,3.1,2 days ago,https://www.indeed.com/viewjob?jk=ff6fa1751a040a28
437,Product Manager,"Orlando, FL",Not shown,Wiley,3.8,2 days ago,https://www.indeed.com/viewjob?jk=fa2e55903a9aba6d
438,Experience Designer,"Tampa, FL",Not shown,Accenture,4.0,2 days ago,https://www.indeed.com/viewjob?jk=6f013015bf71f013
439,System Engineer (Application Administrator),"Tampa, FL",Not shown,Centene Corporation,3.2,2 days ago,https://www.indeed.com/viewjob?jk=33526725b8086b29
440,Level Designer,"Mount Dora, FL",Not shown,Steamroller Studios,4.0,2 days ago,https://www.indeed.com/viewjob?jk=7b2840707757d705
441,Technical Support Tier II,"Melbourne, FL",Not shown,"Radial, Inc.",3.2,2 days ago,https://www.indeed.com/viewjob?jk=caac16aff4c852d5
442,Technical Support Engineer,"Orlando, FL",Not shown,ServiceNow,3.6,2 days ago,https://www.indeed.com/viewjob?jk=af6922aabb6f664d
443,Data Management Operations Manager,"Orlando, FL",Not shown,LOCKHEED MARTIN CORPORATION,4.0,2 days ago,https://www.indeed.com/viewjob?jk=5dbf1eebe14fbcfb
444,Technical Support Representative,"Sebring, FL",Not shown,Chapters Health System,2.5,2 days ago,https://www.indeed.com/viewjob?jk=b6e4b1558abf11df
445,Business Analyst,"Tampa, FL",Not shown,Benefytt Technologies,,2 days ago,https://www.indeed.com/viewjob?jk=83897e45c1e5958d
446,Enterprise Architect,"Orlando, FL",Not shown,FedEx Services,3.9,2 days ago,https://www.indeed.com/viewjob?jk=4e386e546ff854d2
447,IT SPECIALIST (APPSW),"Macdill AFB, FL","$92,143 - $119,787 a year",US Department of the Air Force,4.4,2 days ago,https://www.indeed.com/viewjob?jk=cd8fb1cdd7a42532
448,Business Analyst III,"Tampa, FL",Not shown,Centene Corporation,3.2,2 days ago,https://www.indeed.com/viewjob?jk=8c5f97028921a72b
449,Senior Data Scientist,"Tampa, FL","$200,000 - $220,000 a year",THEMESOFT,4.1,2 days ago,https://www.indeed.com/viewjob?jk=00d707acbd6058a1
450,Azure DevOps Engineer (DH),"Lakeland, FL",Not shown,ACS Group,3.3,2 days ago,https://www.indeed.com/viewjob?jk=c9d87181f558b66f
451,CPB Credit Systems Lead Developer,"Tampa, FL",Not shown,Citi,3.9,2 days ago,https://www.indeed.com/viewjob?jk=db403848f61f8c2b
452,Systems Engineer,"Tampa, FL",Not shown,Sentar,4.3,2 days ago,https://www.indeed.com/viewjob?jk=07b5c8b8892cee88
453,Data Scientist Mid/Senior,"Tampa, FL",Not shown,"Longeviti, LLC",4.7,2 days ago,https://www.indeed.com/viewjob?jk=c6057832f32db78c
454,Reliability Engineer,"Tampa, FL",Not shown,Iron EagleX,,2 days ago,https://www.indeed.com/viewjob?jk=08790133bae84989
455,DevOps Engineer - Cloud Native,"Lake Mary, FL",Not shown,Deloitte,4.0,2 days ago,https://www.indeed.com/viewjob?jk=9d7378f9eeec4485
456,Senior Embedded Software Engineer III-IV,"Saint Petersburg, FL",Not shown,Sensidyne,2.8,2 days ago,https://www.indeed.com/viewjob?jk=447d06f451082962
457,PRINCIPAL DATA SCIENTIST,"Saint Petersburg, FL",Not shown,Foot Locker,3.9,2 days ago,https://www.indeed.com/viewjob?jk=70ca80aef485ec3d
458,Adobe Experience Manager Architect,"Tampa, FL",Not shown,Accenture,4.0,2 days ago,https://www.indeed.com/viewjob?jk=f53bf54be71732fc
459,Front End Developer (Entry level),"Orlando, FL",Not shown,Revature,3.4,2 days ago,https://www.indeed.com/viewjob?jk=dd4b55b822a6d23e
460,Data Scientist Junior,"Tampa, FL",Not shown,"Longeviti, LLC",4.7,2 days ago,https://www.indeed.com/viewjob?jk=382e419a93fb8598
461,DevOps Automation Engineer,"Lake Mary, FL",Not shown,Finastra,3.4,2 days ago,https://www.indeed.com/viewjob?jk=70b201446c150c09
462,Information Architect – Engineering & Manufacturing,"Orlando, FL",Not shown,LOCKHEED MARTIN CORPORATION,4.0,2 days ago,https://www.indeed.com/viewjob?jk=7d65b84fbae76057
463,SAP/SuccessFactors HCM AMS Payroll Consultant- Human Capital as a Service,"Tampa, FL",Not shown,Deloitte,4.0,2 days ago,https://www.indeed.com/viewjob?jk=6fe800780bdfbb75
464,Bilingual Technical Support Analyst I,"Oldsmar, FL","From $32,000 a year",Transcendent,4.1,2 days ago,https://www.indeed.com/viewjob?jk=d72ae30c30f03c46
465,Sr. Software Developer,"Orlando, FL","$80,000 - $100,000 a year","Z Ministries, Inc",,2 days ago,https://www.indeed.com/viewjob?jk=ce53e93b2dab47f1
466,Senior Systems Administrator,"Tampa, FL",Not shown,Deloitte,4.0,2 days ago,https://www.indeed.com/viewjob?jk=53961ade346f5f7a
467,Healthcare Data Analyst,"Rockledge, FL",$35 - $40 an hour,CEI,3.6,2 days ago,https://www.indeed.com/viewjob?jk=832d22cad823b6b0
468,ICRD- STEM Internship – Summer 2021,"Tampa, FL",Not shown,CACI,3.8,2 days ago,https://www.indeed.com/viewjob?jk=85349d786487cfc6
469,Personal Risk National Data Quality Analyst,"Tampa, FL",Not shown,USI Holdings Corporation,3.0,2 days ago,https://www.indeed.com/viewjob?jk=a9a9a5a99f90e97a
470,Flood IT Manager,"Saint Petersburg, FL",Not shown,Progressive,3.7,2 days ago,https://www.indeed.com/viewjob?jk=40ce4efff683e078
471,"Sr. Manager, Program/Project Management","Tampa, FL",Not shown,Pfizer,4.2,2 days ago,https://www.indeed.com/viewjob?jk=263480f9d218e717
472,IT Student Assistant,"Gainesville, FL",$10 an hour,University of Florida,4.3,2 days ago,https://www.indeed.com/viewjob?jk=019586445f446ab5
473,PHP/JavaScript Developer (REMOTE),"Orlando, FL","$130,000 - $140,000 a year",Sierra7,3.5,2 days ago,https://www.indeed.com/viewjob?jk=fd21f843087c048e
474,Applications Engineer,"Gainesville, FL",Not shown,Mercury Systems,3.2,2 days ago,https://www.indeed.com/viewjob?jk=db57a6dd63a1aca7
475,MGR IT PORTFOLIO MANAGEMENT,"Tampa, FL",Not shown,H. Lee Moffitt Cancer Center,4.0,2 days ago,https://www.indeed.com/viewjob?jk=f4cf1d2cb7fdd95c
476,Information Security Risk Specialist,"Orlando, FL",Not shown,Booz Allen Hamilton,3.9,2 days ago,https://www.indeed.com/viewjob?jk=c24a9f6b2132ba8e
477,Postdoctoral Associate,"Gainesville, FL",Not shown,University of Florida,4.3,2 days ago,https://www.indeed.com/viewjob?jk=a15ead61c1916e90
478,Associate Game Designer,"Orlando, FL",Not shown,Electronic Arts,3.8,2 days ago,https://www.indeed.com/viewjob?jk=3cea9d9467f6d3d6
479,Snowflake-Lead,"Tampa, FL",Not shown,Wipro LTD,3.8,2 days ago,https://www.indeed.com/viewjob?jk=ec268ff130aa9406
480,"Account Manager, Financial Solutions Consultant, Presidio Technology Captial","Orlando, FL",Not shown,Presidio,3.3,2 days ago,https://www.indeed.com/viewjob?jk=08a1b125246040f5
481,"Engineer, Journeyman","Orlando, FL",Not shown,"StraCon Services Group, LLC.",4.6,2 days ago,https://www.indeed.com/viewjob?jk=a79494a153b0350d
482,Data Architect,"Tampa, FL",Not shown,Parallel,2.3,2 days ago,https://www.indeed.com/viewjob?jk=b04f4ee1945b7246
483,Desktop Technician,"Macdill AFB, FL",Not shown,SAIC,4.0,2 days ago,https://www.indeed.com/viewjob?jk=21067cbe7236c1d3
484,Computer Technician,"Daytona Beach, FL",From $12 an hour,Bit Tek Solutions,,2 days ago,https://www.indeed.com/viewjob?jk=3c88e0338997949f
485,Salesforce Business Analyst,"Tampa, FL",Not shown,Accenture,4.0,2 days ago,https://www.indeed.com/viewjob?jk=48e0be7dd10734c5
486,Front-End Angular 8+ Web Developer,"Lake Mary, FL","$65,000 - $85,000 a year",United Systems and Software,,2 days ago,https://www.indeed.com/viewjob?jk=158bcfe5fa9f73fb
487,"Senior Manager, Data Management","Orlando, FL",Not shown,White Cap,3.8,2 days ago,https://www.indeed.com/viewjob?jk=3cc1cd78b866bed2
488,WYN - Priority Incident Manager,"Clearwater, FL",Not shown,Daifuku,2.8,2 days ago,https://www.indeed.com/viewjob?jk=d46d0bba2633682c
489,SVP-Public Cloud Services- Cloud Financials,"Tampa, FL",Not shown,Citi,3.9,2 days ago,https://www.indeed.com/viewjob?jk=63174cf4bb1a337b
490,Full Stack Developer,"Tampa, FL","$80,000 - $120,000 a year",Edgility,,2 days ago,https://www.indeed.com/viewjob?jk=bfbd7f050e7a88c9
491,Backend API Software Engineer,"Longwood, FL",Not shown,FloSports,3.3,2 days ago,https://www.indeed.com/viewjob?jk=e8c4045b82fe4f37
492,Full Stack .NET Developer,"Lake Mary, FL",Not shown,Kinect,,2 days ago,https://www.indeed.com/viewjob?jk=ad78f42aa293fd76
493,Storage Architect,"Palm Bay, FL",Not shown,L3Harris Technologies,3.7,2 days ago,https://www.indeed.com/viewjob?jk=df2adbee8257db6c
494,National Consulting - Orlando - Consultant Development Program - Technology Consulting - Data & Analytics Intern - Summer 2021,"Orlando, FL",Not shown,Ernst & Young,4.0,2 days ago,https://www.indeed.com/viewjob?jk=c27f2e4c772d085f
495,SAP/SuccessFactors HCM AMS Payroll Consultant- Human Capital as a Service,"Tampa, FL",Not shown,Deloitte,4.0,2 days ago,https://www.indeed.com/viewjob?jk=6fe800780bdfbb75
496,Bilingual Technical Support Analyst I,"Oldsmar, FL","From $32,000 a year",Transcendent,4.1,2 days ago,https://www.indeed.com/viewjob?jk=d72ae30c30f03c46
497,Oracle Cloud Payroll Associate Director,"Tampa, FL",Not shown,Accenture,4.0,2 days ago,https://www.indeed.com/viewjob?jk=493251bc1c8b01f4
498,DevOps Engineers All Levels (Senior/Lead/Principal) (Multiple Locations),"Tampa, FL",Not shown,Salesforce,4.3,2 days ago,https://www.indeed.com/viewjob?jk=293852b50c6bea58
499,Lead Optical Engineer (Clearance Level: TS/SCI),"Palm Bay, FL",Not shown,L3Harris Technologies,3.7,2 days ago,https://www.indeed.com/viewjob?jk=3ba06bce7299bffa
500,Entry Level Software Developer,"Orlando, FL",Not shown,Revature,3.4,2 days ago,https://www.indeed.com/viewjob?jk=3b66084babf13a7a
501,"Application Development Sr Group Manager, Director - Markets Operational Resilience","Tampa, FL",Not shown,Citi,3.9,2 days ago,https://www.indeed.com/viewjob?jk=01d0a3d0ceeb8969
502,Principal Solution Engineer - Insurance - Southeast - Salesforce Industries,"Tampa, FL",Not shown,Salesforce,4.3,2 days ago,https://www.indeed.com/viewjob?jk=0ff2e44b74f04c92
503,DevOps Engineer,"Tampa, FL","$80,000 - $110,000 a year",CyberCoders,3.3,2 days ago,https://www.indeed.com/viewjob?jk=c5702d180c0f971c
504,PROGRAM MANAGER,"Orlando, FL","$108,885 - $166,502 a year",US Department of the Navy,4.3,3 days ago,https://www.indeed.com/viewjob?jk=d1609f2196af6311
505,Bank Network Analyst Associate,"Tampa, FL",Not shown,"JPMorgan Chase Bank, N.A.",3.9,3 days ago,https://www.indeed.com/viewjob?jk=cd2d351387718b2c
506,IT SPECIALIST (APPSW/SYSANALYSIS),"Patrick Afb, FL","$78,009 - $101,416 a year",US Department of the Air Force,4.4,3 days ago,https://www.indeed.com/viewjob?jk=62db76cfaaeae2d5
507,Business Analyst,"Orlando, FL",Not shown,North Highland,3.5,3 days ago,https://www.indeed.com/viewjob?jk=19d5bd0f897ecde5
508,Senior Project Manager,"Orlando, FL",Not shown,North Highland,3.5,3 days ago,https://www.indeed.com/viewjob?jk=497df61d89bfbbb6
509,Wholesale Payments -ACH Product Management VP,"Tampa, FL",Not shown,"JPMorgan Chase Bank, N.A.",3.9,3 days ago,https://www.indeed.com/viewjob?jk=2cb0d4ad667c063d
510,SAP/SuccessFactors HCM AMS Payroll Consultant- Human Capital as a Service,"Tampa, FL",Not shown,Deloitte,4.0,2 days ago,https://www.indeed.com/viewjob?jk=6fe800780bdfbb75
511,Bilingual Technical Support Analyst I,"Oldsmar, FL","From $32,000 a year",Transcendent,4.1,2 days ago,https://www.indeed.com/viewjob?jk=d72ae30c30f03c46
512,Oracle Application Developer-Financials Account Payables- Asst Vice President-TAMPA,"Tampa, FL",Not shown,Citi,3.9,2 days ago,https://www.indeed.com/viewjob?jk=04c8096c66155a13
513,Oracle Cloud Payroll Associate Director,"Tampa, FL",Not shown,Accenture,4.0,2 days ago,https://www.indeed.com/viewjob?jk=493251bc1c8b01f4
514,Oracle Application Developer - Asst Vice President TAMPA GFTS,"Tampa, FL",Not shown,Citi,3.9,2 days ago,https://www.indeed.com/viewjob?jk=84a2dfd19dfb8433
515,DevOps Engineers All Levels (Senior/Lead/Principal) (Multiple Locations),"Tampa, FL",Not shown,Salesforce,4.3,2 days ago,https://www.indeed.com/viewjob?jk=293852b50c6bea58
516,Structural Materials Database Coordinator,"Gainesville, FL",$21 an hour,Coherent Staffing Solutions,,2 days ago,https://www.indeed.com/viewjob?jk=acd2b4a6f4be9033
517,Lead Optical Engineer (Clearance Level: TS/SCI),"Palm Bay, FL",Not shown,L3Harris Technologies,3.7,2 days ago,https://www.indeed.com/viewjob?jk=3ba06bce7299bffa
518,Principal Solution Engineer - Insurance - Southeast - Salesforce Industries,"Tampa, FL",Not shown,Salesforce,4.3,2 days ago,https://www.indeed.com/viewjob?jk=0ff2e44b74f04c92
519,PROGRAM MANAGER,"Orlando, FL","$108,885 - $166,502 a year",US Department of the Navy,4.3,3 days ago,https://www.indeed.com/viewjob?jk=d1609f2196af6311
520,Bank Network Analyst Associate,"Tampa, FL",Not shown,"JPMorgan Chase Bank, N.A.",3.9,3 days ago,https://www.indeed.com/viewjob?jk=cd2d351387718b2c
521,IT SPECIALIST (APPSW/SYSANALYSIS),"Patrick Afb, FL","$78,009 - $101,416 a year",US Department of the Air Force,4.4,3 days ago,https://www.indeed.com/viewjob?jk=62db76cfaaeae2d5
522,Business Analyst,"Orlando, FL",Not shown,North Highland,3.5,3 days ago,https://www.indeed.com/viewjob?jk=19d5bd0f897ecde5
523,Senior Project Manager,"Orlando, FL",Not shown,North Highland,3.5,3 days ago,https://www.indeed.com/viewjob?jk=497df61d89bfbbb6
524,Wholesale Payments -ACH Product Management VP,"Tampa, FL",Not shown,"JPMorgan Chase Bank, N.A.",3.9,3 days ago,https://www.indeed.com/viewjob?jk=2cb0d4ad667c063d
525,Reliability Engineer,"Tampa, FL",Not shown,Iron EagleX,,2 days ago,https://www.indeed.com/viewjob?jk=08790133bae84989
526,DevOps Engineer - Cloud Native,"Lake Mary, FL",Not shown,Deloitte,4.0,2 days ago,https://www.indeed.com/viewjob?jk=9d7378f9eeec4485
527,Senior Embedded Software Engineer III-IV,"Saint Petersburg, FL",Not shown,Sensidyne,2.8,2 days ago,https://www.indeed.com/viewjob?jk=447d06f451082962
528,PRINCIPAL DATA SCIENTIST,"Saint Petersburg, FL",Not shown,Foot Locker,3.9,2 days ago,https://www.indeed.com/viewjob?jk=70ca80aef485ec3d
529,Adobe Experience Manager Architect,"Tampa, FL",Not shown,Accenture,4.0,2 days ago,https://www.indeed.com/viewjob?jk=f53bf54be71732fc
530,Data Scientist Junior,"Tampa, FL",Not shown,"Longeviti, LLC",4.7,2 days ago,https://www.indeed.com/viewjob?jk=382e419a93fb8598
531,DevOps Automation Engineer,"Lake Mary, FL",Not shown,Finastra,3.4,2 days ago,https://www.indeed.com/viewjob?jk=70b201446c150c09
532,Information Architect – Engineering & Manufacturing,"Orlando, FL",Not shown,LOCKHEED MARTIN CORPORATION,4.0,2 days ago,https://www.indeed.com/viewjob?jk=7d65b84fbae76057
533,SAP/SuccessFactors HCM AMS Payroll Consultant- Human Capital as a Service,"Tampa, FL",Not shown,Deloitte,4.0,2 days ago,https://www.indeed.com/viewjob?jk=6fe800780bdfbb75
534,Bilingual Technical Support Analyst I,"Oldsmar, FL","From $32,000 a year",Transcendent,4.1,2 days ago,https://www.indeed.com/viewjob?jk=d72ae30c30f03c46
535,Oracle Cloud Payroll Associate Director,"Tampa, FL",Not shown,Accenture,4.0,2 days ago,https://www.indeed.com/viewjob?jk=493251bc1c8b01f4
536,DevOps Engineers All Levels (Senior/Lead/Principal) (Multiple Locations),"Tampa, FL",Not shown,Salesforce,4.3,2 days ago,https://www.indeed.com/viewjob?jk=293852b50c6bea58
537,PC support/Shipping & Receiving- 23004 OF,"Orlando, FL",Not shown,Exela Technologies,2.7,2 days ago,https://www.indeed.com/viewjob?jk=f07b45d8222fc5fd
538,Lead Optical Engineer (Clearance Level: TS/SCI),"Palm Bay, FL",Not shown,L3Harris Technologies,3.7,2 days ago,https://www.indeed.com/viewjob?jk=3ba06bce7299bffa
539,Principal Solution Engineer - Insurance - Southeast - Salesforce Industries,"Tampa, FL",Not shown,Salesforce,4.3,2 days ago,https://www.indeed.com/viewjob?jk=0ff2e44b74f04c92
